,A,B,C,D,E,Dn,P,Q,V,Y,b,d,i,m,q,4,5,7,9,AD,AF,AG,AJ,Do,AS,AV,Ab,Dp,Dq,Ag,Ak,Ao,Ar,Av,Ax,Ay,Az,A1,A3,Dr,A7,BC,BE,BM,BN,BR,BV,BW,Bb,Be,Dt,Bh,Bo,Br,Bt,Bv,Bx,B0,B7,B8,CB,CF,CG,CH,CK,CP,CS,CT,CZ,Cb,Ce,Cg,Du,Cq,Cs,Cz,C1,C4,C5,C8,C9,DA,DD,DE,DF,DJ,DK,Dv,DN,DP,DU,DV,DW,Dw,DZ,Db,Dh,Dx,Dj,Dm
0,-0.0,-0.0,-0.0,0.0,-0.0,-0.0,0.0,-0.0,-0.0,-0.0,-0.0,-0.0,-0.0,-0.0,-0.0,-0.0,-0.0,-0.0,-0.0,-0.0,0.0,-0.0,-0.0,0.0,0.0,0.0,-0.0,-0.0,-0.0,-0.0,0.0,-0.0,0.0,-0.0,-0.0,-0.0,-0.0,-0.0,-0.0,-0.0,0.0,-0.0,-0.0,-0.0,-0.0,0.0,-0.0,-0.0,-0.0,-0.0,-0.0,-0.0,-0.0,-0.0,0.0,0.0,0.0,0.0,0.0,-0.0,-0.0,-0.0,-0.0,-0.0,-0.0,-0.0,-0.0,-0.0,0.0,0.0,0.0,-0.0,0.0,-0.0,-0.0,-0.0,-0.0,-0.0,-0.0,0.0,-0.0,0.0,0.0,-0.0,-0.0,-0.0,-0.0,-0.0,-0.0,-0.0,0.0,-0.0,-0.0,-0.0,-0.0,-0.0,0.0,-0.0,-0.0,-0.0
1,-0.0,-0.0,-0.0,-0.0,-0.0,-0.0,-0.0,-0.0,-0.0,-0.0,-0.0,-0.0,-0.0,-0.0,-0.0,-0.0,-0.0,-0.0,-0.0,-0.0,-0.0,-0.0,-0.0,-0.0,-0.0,-0.0,-0.0,-0.0,-0.0,-0.0,-0.0,-0.0,-0.0,-0.0,-0.0,-0.0,-0.0,-0.0,-0.0,-0.0,-0.0,-0.0,-0.0,-0.0,-0.0,-0.0,-0.0,-0.0,-0.0,-0.0,-0.0,-0.0,-0.0,-0.0,-0.0,-0.0,-0.0,-0.0,-0.0,-0.0,-0.0,-0.0,-0.0,-0.0,-0.0,-0.0,-0.0,-0.0,-0.0,-0.0,-0.0,-0.0,-0.0,-0.0,-0.0,-0.0,-0.0,-0.0,-0.0,-0.0,-0.0,-0.0,-0.0,-0.0,-0.0,-0.0,-0.0,-0.0,-0.0,-0.0,-0.0,-0.0,-0.0,-0.0,-0.0,-0.0,-0.0,-0.0,-0.0,-0.0
2,0.0,-0.0,-0.0,-0.0,-0.0,-0.0,-0.0,-0.0,-0.0,-0.0,-0.0,-0.0,-0.0,-0.0,-0.0,-0.0,-0.0,-0.0,-0.0,-0.0,-0.0,-0.0,-0.0,-0.0,-0.0,-0.0,-0.0,-0.0,-0.0,-0.0,-0.0,-0.0,-0.0,-0.0,-0.0,-0.0,-0.0,-0.0,-0.0,-0.0,-0.0,-0.0,-0.0,-0.0,-0.0,-0.0,-0.0,-0.0,-0.0,-0.0,-0.0,-0.0,-0.0,-0.0,-0.0,-0.0,-0.0,-0.0,-0.0,-0.0,-0.0,-0.0,-0.0,-0.0,-0.0,-0.0,-0.0,-0.0,-0.0,-0.0,-0.0,-0.0,-0.0,-0.0,-0.0,-0.0,-0.0,-0.0,-0.0,-0.0,-0.0,-0.0,-0.0,-0.0,-0.0,-0.0,-0.0,-0.0,-0.0,-0.0,-0.0,-0.0,-0.0,-0.0,-0.0,-0.0,-0.0,-0.0,-0.0,-0.0
3,0.0,-0.0,-0.0,-0.0,0.0,-0.0,-0.0,-0.0,-0.0,-0.0,-0.0,-0.0,-0.0,-0.0,-0.0,-0.0,-0.0,-0.0,-0.0,-0.0,-0.0,-0.0,-0.0,-0.0,-0.0,-0.0,-0.0,-0.0,-0.0,-0.0,-0.0,-0.0,-0.0,-0.0,-0.0,-0.0,-0.0,-0.0,-0.0,-0.0,-0.0,-0.0,-0.0,-0.0,-0.0,-0.0,-0.0,-0.0,-0.0,-0.0,-0.0,-0.0,-0.0,-0.0,-0.0,-0.0,-0.0,-0.0,-0.0,-0.0,-0.0,-0.0,-0.0,-0.0,-0.0,-0.0,-0.0,-0.0,-0.0,-0.0,-0.0,-0.0,-0.0,-0.0,-0.0,-0.0,-0.0,-0.0,-0.0,-0.0,-0.0,-0.0,-0.0,-0.0,-0.0,-0.0,-0.0,-0.0,-0.0,-0.0,-0.0,-0.0,-0.0,-0.0,-0.0,-0.0,-0.0,-0.0,-0.0,-0.0
4,-0.0,-0.0,-0.0,-0.0,-0.0,-0.0,0.0,-0.0,-0.0,-0.0,-0.0,-0.0,-0.0,-0.0,-0.0,-0.0,-0.0,-0.0,-0.0,-0.0,-0.0,-0.0,-0.0,-0.0,-0.0,-0.0,-0.0,-0.0,-0.0,-0.0,-0.0,-0.0,-0.0,-0.0,-0.0,-0.0,-0.0,-0.0,-0.0,-0.0,-0.0,-0.0,-0.0,-0.0,-0.0,-0.0,-0.0,-0.0,-0.0,-0.0,-0.0,-0.0,-0.0,-0.0,-0.0,-0.0,-0.0,-0.0,-0.0,-0.0,-0.0,-0.0,-0.0,-0.0,-0.0,-0.0,-0.0,-0.0,0.0,-0.0,-0.0,-0.0,-0.0,-0.0,-0.0,-0.0,-0.0,-0.0,-0.0,-0.0,-0.0,-0.0,-0.0,-0.0,-0.0,-0.0,-0.0,-0.0,-0.0,-0.0,-0.0,-0.0,-0.0,-0.0,-0.0,0.0,-0.0,-0.0,-0.0,-0.0
5,-0.0,-0.0,-0.0,-0.0,-0.0,-0.0,-0.0,-0.0,-0.0,-0.0,-0.0,-0.0,-0.0,-0.0,-0.0,-0.0,-0.0,-0.0,-0.0,-0.0,-0.0,-0.0,-0.0,-0.0,-0.0,-0.0,-0.0,-0.0,-0.0,-0.0,-0.0,-0.0,-0.0,-0.0,-0.0,-0.0,-0.0,-0.0,-0.0,-0.0,-0.0,-0.0,-0.0,-0.0,-0.0,-0.0,-0.0,-0.0,-0.0,-0.0,-0.0,-0.0,-0.0,-0.0,-0.0,-0.0,-0.0,-0.0,-0.0,-0.0,-0.0,-0.0,-0.0,-0.0,-0.0,-0.0,-0.0,-0.0,-0.0,-0.0,-0.0,-0.0,-0.0,-0.0,-0.0,-0.0,-0.0,-0.0,-0.0,-0.0,-0.0,-0.0,-0.0,-0.0,-0.0,-0.0,-0.0,-0.0,-0.0,-0.0,-0.0,-0.0,-0.0,-0.0,-0.0,-0.0,-0.0,-0.0,-0.0,-0.0
6,-0.0,-0.0,-0.0,-0.0,0.0,-0.0,-0.0,-0.0,-0.0,-0.0,-0.0,-0.0,-0.0,-0.0,-0.0,-0.0,-0.0,-0.0,-0.0,-0.0,-0.0,-0.0,-0.0,0.0,-0.0,-0.0,-0.0,-0.0,-0.0,-0.0,0.0,-0.0,-0.0,-0.0,-0.0,-0.0,-0.0,-0.0,-0.0,-0.0,-0.0,-0.0,-0.0,-0.0,-0.0,-0.0,-0.0,-0.0,-0.0,-0.0,-0.0,-0.0,-0.0,-0.0,-0.0,-0.0,-0.0,-0.0,-0.0,-0.0,-0.0,-0.0,-0.0,-0.0,-0.0,-0.0,-0.0,-0.0,-0.0,-0.0,-0.0,-0.0,-0.0,-0.0,-0.0,-0.0,-0.0,-0.0,-0.0,-0.0,-0.0,-0.0,0.0,-0.0,-0.0,-0.0,-0.0,-0.0,-0.0,-0.0,-0.0,-0.0,-0.0,-0.0,-0.0,-0.0,-0.0,-0.0,-0.0,-0.0
7,-0.0,-0.0,-0.0,-0.0,-0.0,-0.0,-0.0,-0.0,-0.0,-0.0,-0.0,-0.0,-0.0,-0.0,-0.0,-0.0,-0.0,-0.0,-0.0,-0.0,-0.0,-0.0,-0.0,0.0,-0.0,-0.0,-0.0,-0.0,-0.0,-0.0,-0.0,-0.0,-0.0,-0.0,-0.0,-0.0,-0.0,-0.0,-0.0,-0.0,-0.0,-0.0,-0.0,-0.0,-0.0,-0.0,-0.0,-0.0,-0.0,-0.0,-0.0,-0.0,-0.0,-0.0,-0.0,-0.0,-0.0,-0.0,-0.0,-0.0,-0.0,-0.0,-0.0,-0.0,-0.0,-0.0,-0.0,-0.0,-0.0,-0.0,0.0,-0.0,-0.0,-0.0,-0.0,-0.0,-0.0,-0.0,-0.0,-0.0,-0.0,-0.0,-0.0,-0.0,-0.0,-0.0,-0.0,-0.0,-0.0,-0.0,-0.0,-0.0,-0.0,-0.0,-0.0,-0.0,-0.0,-0.0,-0.0,-0.0
8,-0.0,-0.0,-0.0,-0.0,-0.0,-0.0,-0.0,-0.0,-0.0,-0.0,-0.0,-0.0,-0.0,-0.0,-0.0,-0.0,-0.0,-0.0,-0.0,-0.0,-0.0,-0.0,-0.0,-0.0,-0.0,0.0,-0.0,-0.0,-0.0,-0.0,-0.0,-0.0,-0.0,-0.0,-0.0,-0.0,-0.0,-0.0,-0.0,-0.0,-0.0,-0.0,-0.0,0.0,-0.0,-0.0,-0.0,-0.0,-0.0,-0.0,-0.0,-0.0,-0.0,-0.0,-0.0,-0.0,-0.0,-0.0,-0.0,-0.0,-0.0,-0.0,-0.0,-0.0,-0.0,-0.0,-0.0,-0.0,-0.0,-0.0,0.0,-0.0,-0.0,-0.0,-0.0,-0.0,-0.0,-0.0,-0.0,0.0,-0.0,-0.0,-0.0,-0.0,-0.0,-0.0,-0.0,-0.0,-0.0,-0.0,-0.0,-0.0,-0.0,-0.0,-0.0,-0.0,-0.0,-0.0,-0.0,-0.0
9,-0.0,-0.0,-0.0,-0.0,-0.0,-0.0,-0.0,-0.0,-0.0,-0.0,-0.0,-0.0,-0.0,-0.0,-0.0,-0.0,-0.0,-0.0,-0.0,-0.0,-0.0,-0.0,-0.0,-0.0,-0.0,-0.0,-0.0,-0.0,-0.0,-0.0,-0.0,-0.0,-0.0,-0.0,-0.0,-0.0,-0.0,-0.0,-0.0,-0.0,-0.0,-0.0,-0.0,-0.0,-0.0,-0.0,-0.0,-0.0,-0.0,-0.0,-0.0,-0.0,-0.0,-0.0,-0.0,-0.0,-0.0,-0.0,-0.0,-0.0,-0.0,-0.0,-0.0,-0.0,-0.0,-0.0,-0.0,-0.0,-0.0,0.0,-0.0,-0.0,-0.0,-0.0,-0.0,-0.0,-0.0,-0.0,-0.0,-0.0,-0.0,-0.0,-0.0,-0.0,-0.0,-0.0,-0.0,-0.0,-0.0,-0.0,-0.0,-0.0,-0.0,-0.0,-0.0,-0.0,-0.0,-0.0,-0.0,-0.0
10,-0.0,-0.0,-0.0,-0.0,-0.0,-0.0,-0.0,-0.0,-0.0,-0.0,-0.0,-0.0,-0.0,-0.0,-0.0,-0.0,-0.0,-0.0,-0.0,-0.0,-0.0,-0.0,-0.0,-0.0,0.0,-0.0,-0.0,-0.0,-0.0,-0.0,-0.0,-0.0,-0.0,-0.0,-0.0,-0.0,-0.0,-0.0,-0.0,-0.0,-0.0,-0.0,-0.0,-0.0,-0.0,-0.0,-0.0,-0.0,-0.0,-0.0,-0.0,-0.0,-0.0,-0.0,-0.0,-0.0,-0.0,-0.0,-0.0,-0.0,-0.0,-0.0,-0.0,-0.0,-0.0,-0.0,-0.0,-0.0,-0.0,-0.0,-0.0,-0.0,-0.0,-0.0,-0.0,-0.0,-0.0,1882.0,-0.0,-0.0,-0.0,-0.0,-0.0,-0.0,4749.0,-0.0,-0.0,-0.0,-0.0,-0.0,-0.0,-0.0,-0.0,1153.0,-0.0,-0.0,-0.0,-0.0,-0.0,8967.0
11,-0.0,-0.0,-0.0,0.0,-0.0,-0.0,-0.0,-0.0,-0.0,-0.0,-0.0,-0.0,-0.0,-0.0,-0.0,-0.0,-0.0,-0.0,-0.0,-0.0,-0.0,-0.0,-0.0,-0.0,0.0,-0.0,-0.0,-0.0,-0.0,-0.0,-0.0,-0.0,0.0,-0.0,-0.0,-0.0,-0.0,-0.0,-0.0,-0.0,-0.0,-0.0,-0.0,-0.0,-0.0,-0.0,-0.0,-0.0,-0.0,-0.0,-0.0,0.0,-0.0,-0.0,-0.0,-0.0,-0.0,-0.0,-0.0,-0.0,-0.0,-0.0,-0.0,-0.0,-0.0,-0.0,-0.0,-0.0,-0.0,-0.0,-0.0,-0.0,-0.0,-0.0,-0.0,-0.0,-0.0,1981.0,-0.0,-0.0,-0.0,-0.0,-0.0,-0.0,4845.0,-0.0,-0.0,-0.0,-0.0,-0.0,-0.0,-0.0,-0.0,1169.0,-0.0,-0.0,-0.0,-0.0,-0.0,9513.0
12,-0.0,-0.0,-0.0,-0.0,-0.0,-0.0,-0.0,-0.0,-0.0,-0.0,-0.0,-0.0,-0.0,-0.0,-0.0,-0.0,-0.0,-0.0,-0.0,-0.0,-0.0,-0.0,-0.0,-0.0,-0.0,-0.0,0.0,-0.0,-0.0,-0.0,-0.0,-0.0,-0.0,-0.0,-0.0,-0.0,-0.0,-0.0,-0.0,-0.0,-0.0,-0.0,-0.0,-0.0,-0.0,-0.0,-0.0,-0.0,-0.0,-0.0,-0.0,-0.0,-0.0,-0.0,-0.0,-0.0,-0.0,-0.0,-0.0,-0.0,-0.0,-0.0,-0.0,-0.0,-0.0,-0.0,-0.0,-0.0,-0.0,-0.0,-0.0,-0.0,-0.0,-0.0,-0.0,-0.0,-0.0,2434.0,-0.0,-0.0,-0.0,-0.0,-0.0,-0.0,4932.0,-0.0,-0.0,-0.0,-0.0,-0.0,-0.0,-0.0,-0.0,1173.0,-0.0,-0.0,-0.0,-0.0,-0.0,9589.0
13,-0.0,-0.0,-0.0,-0.0,-0.0,-0.0,-0.0,-0.0,-0.0,-0.0,-0.0,-0.0,-0.0,-0.0,-0.0,-0.0,-0.0,-0.0,-0.0,-0.0,-0.0,-0.0,-0.0,-0.0,-0.0,-0.0,-0.0,-0.0,-0.0,-0.0,-0.0,-0.0,-0.0,-0.0,-0.0,-0.0,-0.0,-0.0,-0.0,-0.0,-0.0,-0.0,-0.0,-0.0,-0.0,-0.0,-0.0,-0.0,-0.0,-0.0,-0.0,-0.0,-0.0,-0.0,-0.0,-0.0,-0.0,-0.0,-0.0,-0.0,-0.0,-0.0,-0.0,-0.0,-0.0,-0.0,-0.0,-0.0,-0.0,-0.0,-0.0,-0.0,-0.0,-0.0,-0.0,-0.0,-0.0,2696.0,-0.0,-0.0,-0.0,-0.0,-0.0,-0.0,4959.0,-0.0,-0.0,-0.0,-0.0,-0.0,-0.0,-0.0,-0.0,1397.0,-0.0,-0.0,-0.0,-0.0,-0.0,9770.0
14,-0.0,-0.0,-0.0,-0.0,-0.0,-0.0,-0.0,-0.0,-0.0,-0.0,-0.0,-0.0,-0.0,-0.0,-0.0,-0.0,-0.0,-0.0,-0.0,-0.0,-0.0,-0.0,-0.0,-0.0,-0.0,-0.0,-0.0,-0.0,-0.0,-0.0,-0.0,-0.0,-0.0,-0.0,-0.0,-0.0,-0.0,-0.0,-0.0,-0.0,-0.0,-0.0,-0.0,-0.0,-0.0,-0.0,-0.0,-0.0,-0.0,-0.0,-0.0,-0.0,-0.0,-0.0,-0.0,-0.0,-0.0,-0.0,-0.0,-0.0,-0.0,-0.0,-0.0,-0.0,-0.0,-0.0,-0.0,-0.0,-0.0,-0.0,-0.0,-0.0,-0.0,-0.0,-0.0,-0.0,-0.0,2757.0,-0.0,-0.0,-0.0,-0.0,-0.0,-0.0,5225.0,-0.0,-0.0,-0.0,-0.0,-0.0,-0.0,-0.0,-0.0,1522.0,-0.0,-0.0,-0.0,-0.0,-0.0,9844.0
15,-0.0,-0.0,-0.0,-0.0,-0.0,-0.0,-0.0,-0.0,-0.0,-0.0,-0.0,-0.0,-0.0,-0.0,-0.0,-0.0,-0.0,-0.0,-0.0,-0.0,-0.0,-0.0,-0.0,-0.0,-0.0,-0.0,-0.0,-0.0,-0.0,-0.0,-0.0,-0.0,-0.0,-0.0,-0.0,-0.0,-0.0,-0.0,-0.0,-0.0,-0.0,-0.0,-0.0,-0.0,-0.0,-0.0,-0.0,-0.0,-0.0,-0.0,-0.0,-0.0,-0.0,-0.0,-0.0,-0.0,-0.0,-0.0,-0.0,-0.0,-0.0,-0.0,-0.0,-0.0,-0.0,-0.0,-0.0,-0.0,-0.0,-0.0,-0.0,-0.0,-0.0,-0.0,-0.0,-0.0,-0.0,2837.0,-0.0,-0.0,-0.0,-0.0,-0.0,-0.0,5288.0,-0.0,-0.0,-0.0,-0.0,-0.0,-0.0,-0.0,-0.0,1609.0,-0.0,-0.0,-0.0,-0.0,-0.0,10132.0
16,-0.0,-0.0,-0.0,-0.0,-0.0,-0.0,-0.0,-0.0,-0.0,-0.0,-0.0,-0.0,-0.0,-0.0,-0.0,-0.0,-0.0,-0.0,-0.0,-0.0,-0.0,-0.0,-0.0,-0.0,-0.0,-0.0,-0.0,-0.0,-0.0,-0.0,-0.0,-0.0,-0.0,-0.0,-0.0,-0.0,-0.0,-0.0,-0.0,-0.0,-0.0,-0.0,-0.0,-0.0,-0.0,-0.0,-0.0,-0.0,-0.0,-0.0,-0.0,-0.0,-0.0,-0.0,-0.0,-0.0,-0.0,-0.0,-0.0,-0.0,-0.0,-0.0,-0.0,-0.0,-0.0,-0.0,-0.0,-0.0,-0.0,-0.0,-0.0,-0.0,-0.0,-0.0,-0.0,-0.0,-0.0,2962.0,-0.0,-0.0,-0.0,-0.0,-0.0,-0.0,5309.0,-0.0,-0.0,-0.0,-0.0,-0.0,-0.0,-0.0,-0.0,1627.0,-0.0,-0.0,-0.0,-0.0,-0.0,10279.0
17,-0.0,-0.0,-0.0,-0.0,-0.0,-0.0,-0.0,-0.0,-0.0,-0.0,-0.0,-0.0,-0.0,-0.0,-0.0,-0.0,-0.0,-0.0,-0.0,-0.0,-0.0,-0.0,-0.0,-0.0,-0.0,-0.0,-0.0,-0.0,-0.0,-0.0,-0.0,-0.0,-0.0,-0.0,-0.0,-0.0,-0.0,-0.0,-0.0,-0.0,-0.0,-0.0,-0.0,-0.0,-0.0,-0.0,-0.0,-0.0,-0.0,-0.0,-0.0,-0.0,-0.0,-0.0,-0.0,-0.0,-0.0,-0.0,-0.0,-0.0,-0.0,-0.0,-0.0,-0.0,-0.0,-0.0,-0.0,-0.0,-0.0,-0.0,-0.0,-0.0,-0.0,-0.0,-0.0,-0.0,-0.0,3020.0,-0.0,-0.0,-0.0,-0.0,-0.0,-0.0,5326.0,-0.0,-0.0,-0.0,-0.0,-0.0,-0.0,-0.0,-0.0,1643.0,-0.0,-0.0,-0.0,-0.0,-0.0,10339.0
18,-0.0,-0.0,-0.0,-0.0,-0.0,-0.0,-0.0,-0.0,-0.0,-0.0,-0.0,-0.0,-0.0,-0.0,-0.0,-0.0,-0.0,-0.0,-0.0,-0.0,-0.0,-0.0,-0.0,-0.0,-0.0,-0.0,-0.0,-0.0,-0.0,-0.0,-0.0,-0.0,-0.0,-0.0,-0.0,-0.0,-0.0,-0.0,-0.0,-0.0,-0.0,-0.0,-0.0,-0.0,-0.0,-0.0,-0.0,-0.0,-0.0,-0.0,-0.0,-0.0,-0.0,-0.0,-0.0,-0.0,-0.0,-0.0,-0.0,-0.0,-0.0,-0.0,-0.0,-0.0,-0.0,-0.0,-0.0,-0.0,-0.0,-0.0,-0.0,-0.0,-0.0,-0.0,-0.0,-0.0,-0.0,3080.0,-0.0,-0.0,-0.0,-0.0,-0.0,-0.0,5477.0,-0.0,-0.0,-0.0,-0.0,-0.0,-0.0,-0.0,-0.0,1686.0,-0.0,-0.0,-0.0,-0.0,114.0,10472.0
19,-0.0,-0.0,-0.0,-0.0,-0.0,-0.0,-0.0,-0.0,-0.0,-0.0,-0.0,-0.0,-0.0,-0.0,-0.0,-0.0,-0.0,-0.0,-0.0,-0.0,-0.0,-0.0,-0.0,-0.0,-0.0,-0.0,-0.0,-0.0,-0.0,-0.0,-0.0,-0.0,-0.0,-0.0,-0.0,-0.0,-0.0,-0.0,-0.0,-0.0,-0.0,-0.0,-0.0,-0.0,-0.0,-0.0,-0.0,-0.0,-0.0,-0.0,-0.0,-0.0,-0.0,-0.0,-0.0,-0.0,-0.0,-0.0,-0.0,-0.0,-0.0,-0.0,-0.0,-0.0,-0.0,-0.0,-0.0,-0.0,-0.0,-0.0,-0.0,-0.0,-0.0,-0.0,-0.0,-0.0,-0.0,3087.0,-0.0,-0.0,-0.0,-0.0,-0.0,-0.0,5558.0,-0.0,-0.0,-0.0,-0.0,-0.0,-0.0,-0.0,-0.0,1725.0,-0.0,-0.0,-0.0,-0.0,581.0,10472.0
20,-0.0,-0.0,-0.0,-0.0,-0.0,-0.0,-0.0,-0.0,-0.0,-0.0,-0.0,-0.0,-0.0,-0.0,-0.0,-0.0,-0.0,-0.0,-0.0,-0.0,-0.0,-0.0,-0.0,-0.0,-0.0,-0.0,-0.0,-0.0,-0.0,0.0,-0.0,-0.0,-0.0,-0.0,-0.0,-0.0,-0.0,-0.0,-0.0,-0.0,-0.0,-0.0,-0.0,-0.0,-0.0,-0.0,-0.0,-0.0,-0.0,-0.0,-0.0,-0.0,-0.0,-0.0,-0.0,-0.0,-0.0,-0.0,-0.0,-0.0,-0.0,-0.0,-0.0,-0.0,-0.0,-0.0,-0.0,-0.0,-0.0,-0.0,-0.0,-0.0,-0.0,-0.0,-0.0,-0.0,-0.0,3165.0,-0.0,-0.0,-0.0,-0.0,-0.0,0.0,5659.0,-0.0,-0.0,-0.0,-0.0,-0.0,-0.0,-0.0,-0.0,1726.0,-0.0,-0.0,-0.0,-0.0,766.0,10472.0
21,-0.0,-0.0,-0.0,-0.0,-0.0,-0.0,-0.0,-0.0,-0.0,-0.0,-0.0,-0.0,-0.0,-0.0,-0.0,-0.0,-0.0,-0.0,-0.0,-0.0,-0.0,-0.0,-0.0,-0.0,-0.0,-0.0,-0.0,-0.0,-0.0,-0.0,-0.0,-0.0,-0.0,-0.0,-0.0,-0.0,-0.0,-0.0,-0.0,-0.0,-0.0,-0.0,-0.0,-0.0,-0.0,-0.0,-0.0,-0.0,-0.0,-0.0,-0.0,-0.0,-0.0,-0.0,-0.0,-0.0,-0.0,-0.0,-0.0,-0.0,-0.0,-0.0,-0.0,-0.0,-0.0,-0.0,-0.0,-0.0,-0.0,-0.0,-0.0,-0.0,-0.0,-0.0,-0.0,-0.0,-0.0,3174.0,-0.0,-0.0,-0.0,-0.0,-0.0,-0.0,5719.0,-0.0,-0.0,-0.0,-0.0,-0.0,-0.0,-0.0,-0.0,1734.0,-0.0,-0.0,-0.0,-0.0,936.0,10472.0
22,-0.0,-0.0,-0.0,-0.0,-0.0,-0.0,-0.0,-0.0,-0.0,-0.0,-0.0,-0.0,-0.0,-0.0,-0.0,-0.0,-0.0,-0.0,-0.0,-0.0,-0.0,0.0,-0.0,0.0,-0.0,-0.0,-0.0,-0.0,-0.0,-0.0,-0.0,-0.0,-0.0,-0.0,-0.0,-0.0,-0.0,-0.0,-0.0,-0.0,-0.0,-0.0,-0.0,-0.0,-0.0,-0.0,-0.0,-0.0,-0.0,-0.0,-0.0,-0.0,-0.0,-0.0,-0.0,-0.0,-0.0,-0.0,-0.0,-0.0,-0.0,-0.0,-0.0,-0.0,-0.0,-0.0,-0.0,-0.0,-0.0,0.0,-0.0,-0.0,-0.0,-0.0,-0.0,-0.0,-0.0,3239.0,-0.0,-0.0,-0.0,-0.0,-0.0,-0.0,5782.0,-0.0,-0.0,-0.0,-0.0,-0.0,-0.0,-0.0,-0.0,1813.0,-0.0,-0.0,-0.0,-0.0,1048.0,10472.0
23,-0.0,-0.0,-0.0,-0.0,-0.0,-0.0,-0.0,-0.0,-0.0,-0.0,-0.0,-0.0,-0.0,-0.0,-0.0,-0.0,-0.0,-0.0,-0.0,-0.0,-0.0,-0.0,-0.0,-0.0,-0.0,-0.0,-0.0,-0.0,-0.0,-0.0,-0.0,-0.0,-0.0,-0.0,-0.0,-0.0,-0.0,-0.0,-0.0,-0.0,-0.0,-0.0,-0.0,-0.0,-0.0,-0.0,-0.0,-0.0,-0.0,-0.0,-0.0,-0.0,-0.0,-0.0,-0.0,-0.0,-0.0,-0.0,-0.0,-0.0,-0.0,-0.0,-0.0,-0.0,-0.0,-0.0,-0.0,-0.0,-0.0,-0.0,-0.0,-0.0,-0.0,-0.0,-0.0,-0.0,-0.0,3260.0,-0.0,-0.0,-0.0,-0.0,-0.0,-0.0,5918.0,-0.0,-0.0,-0.0,-0.0,-0.0,-0.0,-0.0,-0.0,1819.0,-0.0,-0.0,-0.0,-0.0,1066.0,10472.0
24,-0.0,-0.0,-0.0,-0.0,-0.0,-0.0,-0.0,-0.0,-0.0,-0.0,-0.0,-0.0,-0.0,-0.0,-0.0,-0.0,-0.0,-0.0,-0.0,-0.0,-0.0,-0.0,-0.0,-0.0,-0.0,-0.0,-0.0,-0.0,-0.0,-0.0,-0.0,0.0,-0.0,-0.0,-0.0,-0.0,-0.0,-0.0,-0.0,-0.0,-0.0,-0.0,-0.0,-0.0,-0.0,-0.0,-0.0,-0.0,-0.0,-0.0,-0.0,-0.0,-0.0,-0.0,-0.0,-0.0,-0.0,-0.0,-0.0,-0.0,-0.0,-0.0,-0.0,-0.0,-0.0,-0.0,-0.0,-0.0,-0.0,-0.0,-0.0,-0.0,-0.0,-0.0,-0.0,-0.0,-0.0,3336.0,-0.0,-0.0,-0.0,-0.0,-0.0,-0.0,5961.0,-0.0,-0.0,-0.0,-0.0,-0.0,-0.0,-0.0,-0.0,1849.0,-0.0,-0.0,-0.0,-0.0,1278.0,10472.0
25,-0.0,0.0,0.0,0.0,0.0,-0.0,-0.0,-0.0,-0.0,-0.0,-0.0,-0.0,-0.0,-0.0,-0.0,-0.0,-0.0,-0.0,-0.0,-0.0,-0.0,-0.0,0.0,0.0,0.0,0.0,-0.0,-0.0,-0.0,-0.0,0.0,-0.0,0.0,-0.0,-0.0,-0.0,-0.0,-0.0,-0.0,-0.0,0.0,-0.0,-0.0,0.0,-0.0,-0.0,0.0,-0.0,-0.0,0.0,-0.0,0.0,-0.0,-0.0,0.0,0.0,-0.0,0.0,-0.0,-0.0,-0.0,-0.0,-0.0,-0.0,-0.0,-0.0,-0.0,-0.0,0.0,0.0,0.0,-0.0,0.0,0.0,-0.0,-0.0,-0.0,3423.0,-0.0,0.0,0.0,0.0,0.0,-0.0,6141.0,-0.0,-0.0,-0.0,-0.0,-0.0,-0.0,-0.0,-0.0,1864.0,-0.0,0.0,0.0,-0.0,1503.0,10472.0
26,-0.0,-0.0,-0.0,-0.0,-0.0,-0.0,-0.0,-0.0,-0.0,-0.0,-0.0,-0.0,-0.0,-0.0,-0.0,-0.0,-0.0,-0.0,-0.0,-0.0,-0.0,-0.0,-0.0,-0.0,-0.0,-0.0,-0.0,-0.0,0.0,-0.0,-0.0,-0.0,-0.0,-0.0,-0.0,-0.0,-0.0,-0.0,-0.0,-0.0,-0.0,-0.0,-0.0,-0.0,-0.0,-0.0,0.0,-0.0,-0.0,0.0,0.0,-0.0,0.0,-0.0,-0.0,-0.0,-0.0,-0.0,-0.0,-0.0,-0.0,-0.0,-0.0,-0.0,-0.0,-0.0,-0.0,-0.0,-0.0,-0.0,0.0,-0.0,-0.0,-0.0,-0.0,-0.0,-0.0,3485.0,-0.0,0.0,-0.0,-0.0,0.0,-0.0,6323.0,-0.0,-0.0,-0.0,-0.0,-0.0,-0.0,-0.0,-0.0,1923.0,-0.0,-0.0,0.0,-0.0,1513.0,10472.0
27,0.0,-0.0,-0.0,-0.0,0.0,-0.0,-0.0,-0.0,-0.0,-0.0,-0.0,-0.0,-0.0,-0.0,-0.0,-0.0,-0.0,-0.0,-0.0,-0.0,-0.0,-0.0,-0.0,-0.0,-0.0,-0.0,-0.0,-0.0,-0.0,-0.0,-0.0,-0.0,-0.0,-0.0,-0.0,-0.0,-0.0,-0.0,-0.0,0.0,-0.0,-0.0,-0.0,-0.0,-0.0,-0.0,-0.0,-0.0,-0.0,0.0,-0.0,-0.0,-0.0,0.0,0.0,-0.0,-0.0,-0.0,-0.0,-0.0,-0.0,-0.0,-0.0,-0.0,-0.0,-0.0,-0.0,-0.0,-0.0,-0.0,-0.0,-0.0,0.0,-0.0,-0.0,-0.0,-0.0,3512.0,-0.0,-0.0,-0.0,-0.0,0.0,-0.0,6394.0,-0.0,-0.0,-0.0,-0.0,-0.0,-0.0,-0.0,-0.0,1924.0,-0.0,-0.0,0.0,-0.0,1542.0,10472.0
28,0.0,-0.0,0.0,0.0,-0.0,-0.0,-0.0,-0.0,-0.0,-0.0,-0.0,-0.0,-0.0,-0.0,-0.0,0.0,-0.0,-0.0,-0.0,-0.0,-0.0,-0.0,-0.0,-0.0,0.0,-0.0,-0.0,-0.0,-0.0,-0.0,0.0,-0.0,-0.0,-0.0,-0.0,-0.0,-0.0,-0.0,0.0,-0.0,0.0,-0.0,-0.0,-0.0,-0.0,-0.0,0.0,0.0,-0.0,-0.0,-0.0,-0.0,0.0,-0.0,-0.0,-0.0,-0.0,-0.0,-0.0,-0.0,-0.0,-0.0,-0.0,-0.0,-0.0,-0.0,-0.0,-0.0,0.0,0.0,-0.0,-0.0,-0.0,0.0,-0.0,-0.0,-0.0,3531.0,-0.0,0.0,0.0,0.0,0.0,-0.0,6771.0,-0.0,-0.0,-0.0,-0.0,-0.0,-0.0,-0.0,-0.0,1990.0,-0.0,-0.0,0.0,-0.0,1703.0,10472.0
29,-0.0,-0.0,-0.0,-0.0,0.0,-0.0,-0.0,-0.0,-0.0,-0.0,-0.0,-0.0,-0.0,-0.0,-0.0,-0.0,-0.0,-0.0,-0.0,-0.0,-0.0,-0.0,-0.0,0.0,-0.0,-0.0,-0.0,-0.0,-0.0,-0.0,-0.0,0.0,0.0,-0.0,-0.0,-0.0,-0.0,-0.0,-0.0,0.0,-0.0,-0.0,-0.0,-0.0,-0.0,-0.0,0.0,-0.0,-0.0,-0.0,-0.0,-0.0,-0.0,-0.0,-0.0,0.0,0.0,-0.0,-0.0,-0.0,-0.0,-0.0,-0.0,-0.0,-0.0,-0.0,-0.0,-0.0,-0.0,-0.0,-0.0,-0.0,-0.0,-0.0,-0.0,-0.0,-0.0,3649.0,-0.0,0.0,-0.0,-0.0,-0.0,-0.0,6844.0,-0.0,-0.0,-0.0,-0.0,-0.0,-0.0,-0.0,-0.0,2067.0,-0.0,-0.0,0.0,-0.0,1766.0,10472.0
30,-0.0,0.0,-0.0,-0.0,-0.0,-0.0,-0.0,-0.0,-0.0,-0.0,-0.0,-0.0,-0.0,-0.0,-0.0,-0.0,-0.0,-0.0,-0.0,-0.0,-0.0,-0.0,-0.0,-0.0,-0.0,-0.0,-0.0,-0.0,-0.0,-0.0,-0.0,-0.0,-0.0,-0.0,-0.0,-0.0,-0.0,-0.0,-0.0,-0.0,-0.0,-0.0,-0.0,-0.0,-0.0,-0.0,-0.0,-0.0,-0.0,-0.0,-0.0,-0.0,-0.0,-0.0,-0.0,-0.0,-0.0,0.0,-0.0,0.0,0.0,-0.0,-0.0,-0.0,-0.0,-0.0,-0.0,-0.0,-0.0,-0.0,-0.0,-0.0,0.0,-0.0,-0.0,-0.0,-0.0,3728.0,-0.0,-0.0,-0.0,-0.0,0.0,-0.0,7197.0,-0.0,-0.0,-0.0,-0.0,-0.0,-0.0,-0.0,-0.0,2194.0,-0.0,-0.0,0.0,-0.0,1792.0,10472.0
31,-0.0,-0.0,-0.0,0.0,0.0,-0.0,-0.0,-0.0,-0.0,-0.0,-0.0,-0.0,-0.0,-0.0,-0.0,-0.0,-0.0,-0.0,-0.0,-0.0,-0.0,-0.0,-0.0,-0.0,-0.0,-0.0,-0.0,-0.0,-0.0,-0.0,0.0,-0.0,-0.0,-0.0,-0.0,-0.0,-0.0,-0.0,-0.0,0.0,-0.0,-0.0,-0.0,-0.0,-0.0,0.0,0.0,-0.0,-0.0,-0.0,-0.0,-0.0,-0.0,0.0,-0.0,-0.0,-0.0,-0.0,-0.0,-0.0,-0.0,-0.0,-0.0,0.0,-0.0,-0.0,-0.0,-0.0,-0.0,-0.0,-0.0,-0.0,-0.0,-0.0,-0.0,-0.0,-0.0,3803.0,-0.0,-0.0,-0.0,-0.0,0.0,-0.0,7203.0,-0.0,-0.0,-0.0,-0.0,-0.0,-0.0,-0.0,-0.0,2196.0,-0.0,0.0,0.0,-0.0,1971.0,10472.0
32,-0.0,-0.0,0.0,-0.0,-0.0,-0.0,-0.0,-0.0,-0.0,-0.0,-0.0,-0.0,-0.0,-0.0,-0.0,0.0,-0.0,-0.0,-0.0,-0.0,-0.0,-0.0,-0.0,0.0,-0.0,0.0,-0.0,-0.0,-0.0,-0.0,-0.0,-0.0,0.0,-0.0,-0.0,-0.0,-0.0,-0.0,-0.0,-0.0,-0.0,-0.0,-0.0,-0.0,-0.0,-0.0,-0.0,0.0,-0.0,-0.0,0.0,-0.0,-0.0,-0.0,-0.0,-0.0,-0.0,-0.0,-0.0,-0.0,-0.0,-0.0,-0.0,-0.0,-0.0,-0.0,-0.0,-0.0,0.0,0.0,-0.0,-0.0,0.0,-0.0,-0.0,-0.0,-0.0,3822.0,-0.0,-0.0,-0.0,-0.0,0.0,-0.0,7249.0,-0.0,-0.0,-0.0,-0.0,-0.0,-0.0,-0.0,-0.0,2228.0,-0.0,0.0,0.0,-0.0,2199.0,10472.0
33,-0.0,-0.0,0.0,0.0,-0.0,-0.0,-0.0,-0.0,-0.0,-0.0,-0.0,-0.0,-0.0,-0.0,-0.0,-0.0,-0.0,-0.0,-0.0,-0.0,-0.0,-0.0,-0.0,-0.0,-0.0,-0.0,-0.0,-0.0,-0.0,-0.0,-0.0,-0.0,0.0,-0.0,-0.0,-0.0,-0.0,-0.0,-0.0,-0.0,-0.0,-0.0,-0.0,-0.0,-0.0,-0.0,-0.0,-0.0,-0.0,-0.0,-0.0,-0.0,-0.0,-0.0,-0.0,-0.0,-0.0,-0.0,-0.0,-0.0,-0.0,-0.0,-0.0,-0.0,-0.0,-0.0,-0.0,-0.0,-0.0,-0.0,0.0,-0.0,-0.0,-0.0,-0.0,-0.0,-0.0,3920.0,-0.0,-0.0,-0.0,-0.0,-0.0,-0.0,7542.0,-0.0,-0.0,-0.0,-0.0,-0.0,-0.0,-0.0,-0.0,2251.0,-0.0,-0.0,0.0,-0.0,2299.0,10472.0
34,0.0,-0.0,-0.0,-0.0,-0.0,-0.0,-0.0,-0.0,-0.0,-0.0,-0.0,-0.0,-0.0,-0.0,-0.0,0.0,-0.0,-0.0,-0.0,-0.0,-0.0,-0.0,-0.0,-0.0,-0.0,-0.0,-0.0,-0.0,-0.0,-0.0,-0.0,-0.0,0.0,-0.0,-0.0,-0.0,-0.0,-0.0,-0.0,-0.0,0.0,-0.0,-0.0,-0.0,-0.0,-0.0,-0.0,-0.0,-0.0,-0.0,-0.0,-0.0,-0.0,-0.0,-0.0,-0.0,-0.0,-0.0,-0.0,-0.0,-0.0,-0.0,-0.0,-0.0,-0.0,-0.0,-0.0,-0.0,-0.0,-0.0,-0.0,-0.0,-0.0,-0.0,-0.0,-0.0,-0.0,3969.0,-0.0,-0.0,-0.0,-0.0,0.0,-0.0,7676.0,-0.0,-0.0,-0.0,-0.0,-0.0,-0.0,-0.0,-0.0,2327.0,-0.0,-0.0,-0.0,-0.0,2327.0,10472.0
35,0.0,-0.0,-0.0,-0.0,-0.0,-0.0,-0.0,-0.0,-0.0,-0.0,-0.0,-0.0,-0.0,-0.0,-0.0,-0.0,-0.0,-0.0,-0.0,-0.0,-0.0,-0.0,-0.0,0.0,-0.0,-0.0,-0.0,-0.0,-0.0,-0.0,-0.0,-0.0,-0.0,-0.0,-0.0,-0.0,-0.0,-0.0,-0.0,-0.0,-0.0,-0.0,-0.0,-0.0,-0.0,-0.0,-0.0,-0.0,-0.0,-0.0,-0.0,-0.0,-0.0,-0.0,-0.0,-0.0,-0.0,0.0,-0.0,-0.0,-0.0,-0.0,-0.0,-0.0,0.0,-0.0,-0.0,-0.0,0.0,-0.0,-0.0,0.0,0.0,-0.0,-0.0,-0.0,-0.0,3973.0,-0.0,0.0,-0.0,-0.0,0.0,-0.0,8132.0,-0.0,-0.0,-0.0,-0.0,-0.0,0.0,-0.0,-0.0,2393.0,-0.0,-0.0,-0.0,-0.0,2457.0,10472.0
36,0.0,-0.0,-0.0,-0.0,-0.0,-0.0,-0.0,0.0,-0.0,-0.0,-0.0,-0.0,-0.0,-0.0,-0.0,-0.0,-0.0,-0.0,-0.0,-0.0,-0.0,0.0,0.0,-0.0,-0.0,-0.0,-0.0,-0.0,-0.0,-0.0,-0.0,-0.0,-0.0,-0.0,-0.0,-0.0,-0.0,-0.0,-0.0,-0.0,-0.0,-0.0,-0.0,-0.0,-0.0,-0.0,-0.0,-0.0,-0.0,-0.0,-0.0,-0.0,-0.0,-0.0,-0.0,-0.0,-0.0,-0.0,-0.0,-0.0,-0.0,-0.0,-0.0,-0.0,0.0,-0.0,-0.0,-0.0,-0.0,-0.0,-0.0,-0.0,-0.0,-0.0,-0.0,-0.0,-0.0,4156.0,-0.0,-0.0,-0.0,-0.0,-0.0,-0.0,8243.0,-0.0,-0.0,-0.0,-0.0,-0.0,0.0,-0.0,-0.0,2493.0,-0.0,-0.0,0.0,-0.0,2940.0,10472.0
37,-0.0,-0.0,-0.0,-0.0,-0.0,-0.0,-0.0,-0.0,-0.0,-0.0,-0.0,-0.0,-0.0,-0.0,-0.0,-0.0,-0.0,-0.0,-0.0,-0.0,-0.0,-0.0,-0.0,-0.0,-0.0,-0.0,-0.0,-0.0,-0.0,-0.0,-0.0,-0.0,-0.0,-0.0,-0.0,-0.0,-0.0,-0.0,-0.0,-0.0,-0.0,-0.0,-0.0,-0.0,-0.0,-0.0,-0.0,-0.0,-0.0,-0.0,-0.0,-0.0,-0.0,-0.0,-0.0,-0.0,-0.0,-0.0,-0.0,-0.0,-0.0,0.0,-0.0,-0.0,-0.0,-0.0,-0.0,-0.0,-0.0,-0.0,-0.0,-0.0,-0.0,-0.0,-0.0,-0.0,-0.0,4200.0,-0.0,-0.0,-0.0,-0.0,-0.0,-0.0,8649.0,-0.0,-0.0,-0.0,-0.0,-0.0,-0.0,-0.0,-0.0,2677.0,-0.0,-0.0,-0.0,-0.0,2995.0,10472.0
38,0.0,-0.0,0.0,-0.0,-0.0,-0.0,-0.0,-0.0,-0.0,-0.0,-0.0,-0.0,-0.0,-0.0,-0.0,0.0,-0.0,-0.0,-0.0,-0.0,-0.0,-0.0,-0.0,0.0,-0.0,0.0,-0.0,-0.0,-0.0,-0.0,-0.0,-0.0,-0.0,-0.0,-0.0,-0.0,-0.0,-0.0,-0.0,-0.0,-0.0,-0.0,-0.0,-0.0,-0.0,-0.0,-0.0,0.0,-0.0,-0.0,-0.0,-0.0,-0.0,-0.0,-0.0,-0.0,-0.0,-0.0,-0.0,-0.0,-0.0,-0.0,-0.0,-0.0,-0.0,-0.0,-0.0,-0.0,0.0,-0.0,-0.0,-0.0,-0.0,-0.0,-0.0,-0.0,-0.0,4242.0,-0.0,-0.0,0.0,-0.0,0.0,-0.0,8751.0,-0.0,-0.0,-0.0,-0.0,-0.0,-0.0,-0.0,-0.0,2748.0,-0.0,-0.0,0.0,-0.0,3096.0,10472.0
39,-0.0,-0.0,-0.0,-0.0,0.0,-0.0,-0.0,-0.0,-0.0,-0.0,-0.0,-0.0,-0.0,-0.0,-0.0,-0.0,-0.0,-0.0,-0.0,-0.0,-0.0,-0.0,-0.0,-0.0,-0.0,-0.0,-0.0,-0.0,-0.0,-0.0,0.0,-0.0,0.0,-0.0,-0.0,-0.0,-0.0,-0.0,-0.0,-0.0,-0.0,-0.0,-0.0,-0.0,-0.0,-0.0,-0.0,0.0,-0.0,-0.0,-0.0,-0.0,-0.0,-0.0,-0.0,0.0,-0.0,0.0,-0.0,-0.0,-0.0,-0.0,-0.0,-0.0,-0.0,-0.0,-0.0,-0.0,-0.0,0.0,0.0,-0.0,0.0,-0.0,-0.0,-0.0,-0.0,4351.0,-0.0,0.0,-0.0,-0.0,0.0,-0.0,8853.0,-0.0,-0.0,-0.0,-0.0,-0.0,-0.0,-0.0,-0.0,2835.0,-0.0,0.0,0.0,-0.0,3239.0,10472.0
40,0.0,0.0,-0.0,-0.0,-0.0,-0.0,-0.0,-0.0,-0.0,-0.0,-0.0,-0.0,-0.0,-0.0,-0.0,-0.0,-0.0,-0.0,-0.0,-0.0,-0.0,-0.0,0.0,-0.0,-0.0,-0.0,-0.0,-0.0,-0.0,-0.0,0.0,-0.0,0.0,-0.0,-0.0,-0.0,-0.0,-0.0,0.0,-0.0,-0.0,-0.0,-0.0,-0.0,-0.0,-0.0,-0.0,-0.0,-0.0,0.0,-0.0,-0.0,-0.0,-0.0,-0.0,-0.0,-0.0,-0.0,0.0,-0.0,0.0,-0.0,-0.0,-0.0,-0.0,-0.0,-0.0,-0.0,-0.0,-0.0,0.0,-0.0,-0.0,-0.0,-0.0,-0.0,-0.0,4354.0,-0.0,-0.0,-0.0,-0.0,-0.0,-0.0,9009.0,-0.0,-0.0,-0.0,-0.0,-0.0,-0.0,-0.0,-0.0,2851.0,-0.0,-0.0,0.0,-0.0,3438.0,10472.0
41,-0.0,-0.0,-0.0,-0.0,-0.0,-0.0,-0.0,-0.0,-0.0,-0.0,-0.0,-0.0,-0.0,-0.0,-0.0,-0.0,-0.0,-0.0,-0.0,-0.0,-0.0,-0.0,-0.0,-0.0,-0.0,-0.0,-0.0,-0.0,-0.0,-0.0,-0.0,-0.0,-0.0,-0.0,-0.0,-0.0,-0.0,-0.0,-0.0,-0.0,-0.0,-0.0,-0.0,-0.0,-0.0,-0.0,0.0,-0.0,-0.0,-0.0,-0.0,-0.0,-0.0,-0.0,-0.0,-0.0,-0.0,-0.0,-0.0,-0.0,-0.0,-0.0,-0.0,-0.0,-0.0,-0.0,-0.0,-0.0,-0.0,-0.0,-0.0,-0.0,-0.0,-0.0,-0.0,-0.0,-0.0,4354.0,-0.0,0.0,-0.0,-0.0,0.0,-0.0,9336.0,-0.0,-0.0,-0.0,-0.0,-0.0,-0.0,-0.0,-0.0,3064.0,-0.0,-0.0,-0.0,-0.0,3666.0,10472.0
42,-0.0,0.0,-0.0,0.0,0.0,-0.0,-0.0,-0.0,-0.0,-0.0,-0.0,-0.0,-0.0,-0.0,-0.0,-0.0,-0.0,-0.0,-0.0,-0.0,-0.0,-0.0,0.0,0.0,-0.0,-0.0,-0.0,-0.0,-0.0,-0.0,0.0,-0.0,-0.0,-0.0,-0.0,-0.0,-0.0,-0.0,-0.0,-0.0,-0.0,-0.0,-0.0,-0.0,-0.0,-0.0,0.0,0.0,0.0,-0.0,-0.0,-0.0,-0.0,0.0,0.0,-0.0,-0.0,-0.0,-0.0,-0.0,-0.0,-0.0,-0.0,-0.0,-0.0,-0.0,-0.0,-0.0,-0.0,-0.0,0.0,-0.0,0.0,0.0,-0.0,-0.0,-0.0,4354.0,-0.0,-0.0,0.0,-0.0,0.0,-0.0,9721.0,-0.0,-0.0,-0.0,-0.0,-0.0,-0.0,-0.0,-0.0,3177.0,-0.0,-0.0,0.0,-0.0,3694.0,10472.0
43,178.0,-0.0,-0.0,-0.0,0.0,-0.0,-0.0,-0.0,-0.0,-0.0,-0.0,-0.0,-0.0,-0.0,-0.0,-0.0,-0.0,-0.0,-0.0,-0.0,-0.0,-0.0,-0.0,-0.0,0.0,-0.0,-0.0,-0.0,-0.0,-0.0,0.0,-0.0,-0.0,-0.0,-0.0,-0.0,-0.0,-0.0,0.0,-0.0,-0.0,-0.0,-0.0,-0.0,-0.0,-0.0,-0.0,-0.0,-0.0,0.0,-0.0,-0.0,-0.0,-0.0,-0.0,0.0,-0.0,0.0,0.0,-0.0,-0.0,0.0,-0.0,-0.0,-0.0,-0.0,-0.0,-0.0,-0.0,0.0,0.0,-0.0,-0.0,-0.0,-0.0,-0.0,-0.0,4354.0,-0.0,-0.0,-0.0,-0.0,0.0,-0.0,9820.0,-0.0,-0.0,-0.0,-0.0,-0.0,-0.0,-0.0,-0.0,3361.0,0.0,-0.0,0.0,403.0,3828.0,10472.0
44,447.0,-0.0,0.0,-0.0,-0.0,-0.0,-0.0,-0.0,-0.0,-0.0,-0.0,-0.0,-0.0,-0.0,-0.0,-0.0,-0.0,-0.0,-0.0,-0.0,-0.0,-0.0,0.0,0.0,-0.0,0.0,-0.0,-0.0,-0.0,-0.0,0.0,-0.0,-0.0,-0.0,-0.0,-0.0,-0.0,-0.0,0.0,-0.0,-0.0,0.0,-0.0,-0.0,-0.0,-0.0,-0.0,-0.0,-0.0,-0.0,-0.0,-0.0,-0.0,0.0,0.0,-0.0,-0.0,-0.0,0.0,0.0,-0.0,-0.0,-0.0,-0.0,-0.0,-0.0,-0.0,-0.0,-0.0,-0.0,-0.0,-0.0,0.0,0.0,0.0,-0.0,-0.0,4354.0,-0.0,0.0,0.0,0.0,0.0,-0.0,9880.0,-0.0,-0.0,-0.0,-0.0,-0.0,-0.0,-0.0,-0.0,3466.0,-0.0,0.0,-0.0,686.0,4084.0,10472.0
45,1941.0,-0.0,-0.0,-0.0,0.0,348.0,-0.0,-0.0,-0.0,-0.0,-0.0,-0.0,-0.0,-0.0,-0.0,-0.0,-0.0,-0.0,-0.0,-0.0,-0.0,-0.0,0.0,-0.0,0.0,-0.0,-0.0,-0.0,-0.0,-0.0,0.0,-0.0,0.0,-0.0,-0.0,-0.0,-0.0,-0.0,0.0,-0.0,-0.0,-0.0,-0.0,-0.0,-0.0,0.0,-0.0,-0.0,0.0,-0.0,-0.0,-0.0,-0.0,-0.0,-0.0,-0.0,-0.0,0.0,0.0,-0.0,-0.0,-0.0,-0.0,-0.0,-0.0,-0.0,0.0,-0.0,-0.0,-0.0,-0.0,-0.0,-0.0,-0.0,-0.0,-0.0,-0.0,4354.0,-0.0,0.0,0.0,-0.0,0.0,-0.0,10581.0,-0.0,-0.0,-0.0,-0.0,-0.0,-0.0,0.0,-0.0,3580.0,-0.0,0.0,0.0,2150.0,4267.0,10472.0
46,3265.0,0.0,0.0,0.0,0.0,1867.0,-0.0,-0.0,-0.0,-0.0,-0.0,-0.0,-0.0,-0.0,-0.0,-0.0,-0.0,-0.0,-0.0,-0.0,-0.0,-0.0,0.0,0.0,0.0,0.0,-0.0,-0.0,-0.0,-0.0,0.0,-0.0,0.0,-0.0,-0.0,-0.0,-0.0,-0.0,-0.0,0.0,0.0,-0.0,-0.0,0.0,-0.0,0.0,0.0,0.0,-0.0,0.0,-0.0,0.0,0.0,0.0,0.0,0.0,0.0,0.0,0.0,-0.0,0.0,-0.0,0.0,-0.0,-0.0,-0.0,-0.0,-0.0,0.0,0.0,0.0,-0.0,0.0,0.0,-0.0,-0.0,-0.0,4354.0,-0.0,0.0,0.0,0.0,0.0,-0.0,10721.0,-0.0,-0.0,-0.0,-0.0,-0.0,-0.0,-0.0,-0.0,3599.0,-0.0,0.0,0.0,2433.0,4297.0,10472.0
47,3436.0,-0.0,0.0,-0.0,-0.0,1887.0,-0.0,-0.0,-0.0,-0.0,-0.0,-0.0,-0.0,-0.0,-0.0,-0.0,-0.0,-0.0,-0.0,-0.0,-0.0,-0.0,-0.0,-0.0,-0.0,-0.0,-0.0,-0.0,-0.0,-0.0,0.0,-0.0,0.0,-0.0,-0.0,-0.0,-0.0,-0.0,-0.0,-0.0,0.0,-0.0,-0.0,-0.0,-0.0,-0.0,-0.0,0.0,-0.0,-0.0,-0.0,-0.0,-0.0,0.0,0.0,0.0,0.0,-0.0,-0.0,-0.0,-0.0,-0.0,-0.0,-0.0,-0.0,-0.0,-0.0,-0.0,-0.0,-0.0,0.0,-0.0,0.0,-0.0,-0.0,-0.0,-0.0,4354.0,-0.0,-0.0,-0.0,-0.0,0.0,-0.0,11458.0,-0.0,-0.0,-0.0,-0.0,-0.0,-0.0,-0.0,-0.0,4326.0,-0.0,0.0,0.0,3547.0,4449.0,10472.0
48,3963.0,-0.0,-0.0,-0.0,-0.0,2831.0,-0.0,-0.0,-0.0,-0.0,-0.0,-0.0,-0.0,-0.0,-0.0,-0.0,-0.0,-0.0,-0.0,-0.0,-0.0,-0.0,-0.0,-0.0,-0.0,-0.0,-0.0,-0.0,-0.0,-0.0,-0.0,-0.0,-0.0,-0.0,-0.0,-0.0,-0.0,-0.0,-0.0,-0.0,-0.0,-0.0,-0.0,-0.0,-0.0,-0.0,-0.0,-0.0,-0.0,-0.0,-0.0,-0.0,-0.0,-0.0,-0.0,-0.0,-0.0,-0.0,-0.0,-0.0,-0.0,-0.0,-0.0,-0.0,-0.0,-0.0,-0.0,-0.0,-0.0,-0.0,-0.0,-0.0,-0.0,-0.0,-0.0,-0.0,-0.0,4354.0,-0.0,-0.0,-0.0,-0.0,-0.0,-0.0,11583.0,-0.0,-0.0,-0.0,-0.0,-0.0,-0.0,-0.0,-0.0,4343.0,-0.0,-0.0,-0.0,4068.0,4479.0,10472.0
49,4117.0,-0.0,-0.0,-0.0,-0.0,3404.0,-0.0,-0.0,-0.0,-0.0,-0.0,-0.0,-0.0,-0.0,-0.0,-0.0,-0.0,-0.0,-0.0,-0.0,-0.0,-0.0,-0.0,-0.0,-0.0,-0.0,-0.0,-0.0,-0.0,-0.0,-0.0,-0.0,-0.0,-0.0,-0.0,-0.0,-0.0,-0.0,-0.0,-0.0,-0.0,-0.0,-0.0,-0.0,-0.0,-0.0,-0.0,-0.0,-0.0,-0.0,-0.0,-0.0,-0.0,-0.0,-0.0,-0.0,-0.0,-0.0,-0.0,-0.0,-0.0,-0.0,-0.0,-0.0,-0.0,-0.0,-0.0,-0.0,-0.0,-0.0,-0.0,-0.0,-0.0,-0.0,-0.0,-0.0,-0.0,4354.0,-0.0,-0.0,-0.0,-0.0,-0.0,-0.0,12057.0,-0.0,-0.0,-0.0,-0.0,-0.0,-0.0,-0.0,-0.0,4378.0,-0.0,-0.0,-0.0,4863.0,4610.0,10472.0
50,4996.0,-0.0,-0.0,-0.0,-0.0,4728.0,-0.0,-0.0,-0.0,-0.0,-0.0,-0.0,-0.0,-0.0,-0.0,-0.0,-0.0,-0.0,-0.0,-0.0,-0.0,-0.0,-0.0,-0.0,-0.0,-0.0,-0.0,-0.0,-0.0,-0.0,-0.0,-0.0,-0.0,-0.0,-0.0,-0.0,-0.0,-0.0,-0.0,-0.0,-0.0,-0.0,-0.0,-0.0,-0.0,-0.0,-0.0,-0.0,-0.0,-0.0,-0.0,-0.0,-0.0,-0.0,-0.0,-0.0,-0.0,-0.0,-0.0,-0.0,-0.0,-0.0,-0.0,-0.0,-0.0,-0.0,-0.0,-0.0,-0.0,-0.0,-0.0,-0.0,-0.0,-0.0,-0.0,-0.0,-0.0,4354.0,-0.0,-0.0,-0.0,-0.0,-0.0,-0.0,12925.0,-0.0,-0.0,-0.0,-0.0,-0.0,-0.0,-0.0,-0.0,4839.0,-0.0,-0.0,-0.0,5476.0,5515.0,10472.0
51,5047.0,-0.0,-0.0,-0.0,-0.0,4931.0,-0.0,-0.0,-0.0,-0.0,-0.0,-0.0,-0.0,-0.0,-0.0,-0.0,-0.0,-0.0,-0.0,-0.0,-0.0,-0.0,-0.0,-0.0,-0.0,-0.0,-0.0,-0.0,-0.0,-0.0,-0.0,-0.0,-0.0,-0.0,-0.0,-0.0,-0.0,-0.0,-0.0,-0.0,-0.0,-0.0,-0.0,-0.0,-0.0,-0.0,-0.0,-0.0,-0.0,-0.0,-0.0,-0.0,-0.0,-0.0,-0.0,-0.0,-0.0,-0.0,-0.0,-0.0,-0.0,-0.0,-0.0,-0.0,-0.0,-0.0,-0.0,-0.0,-0.0,-0.0,-0.0,-0.0,-0.0,-0.0,-0.0,-0.0,-0.0,4354.0,-0.0,-0.0,-0.0,-0.0,-0.0,-0.0,12980.0,-0.0,-0.0,-0.0,-0.0,-0.0,-0.0,-0.0,-0.0,4958.0,0.0,-0.0,0.0,5623.0,6081.0,10472.0
52,7642.0,-0.0,-0.0,-0.0,-0.0,5386.0,-0.0,-0.0,-0.0,-0.0,-0.0,-0.0,-0.0,-0.0,-0.0,0.0,-0.0,-0.0,-0.0,-0.0,-0.0,-0.0,-0.0,-0.0,-0.0,-0.0,-0.0,-0.0,0.0,0.0,-0.0,-0.0,-0.0,-0.0,-0.0,-0.0,-0.0,-0.0,-0.0,-0.0,0.0,-0.0,-0.0,-0.0,-0.0,0.0,-0.0,-0.0,-0.0,-0.0,-0.0,-0.0,-0.0,-0.0,-0.0,-0.0,0.0,-0.0,-0.0,-0.0,0.0,-0.0,-0.0,-0.0,-0.0,-0.0,-0.0,-0.0,-0.0,-0.0,-0.0,-0.0,-0.0,-0.0,-0.0,-0.0,-0.0,4354.0,-0.0,0.0,-0.0,-0.0,-0.0,-0.0,14130.0,-0.0,-0.0,-0.0,-0.0,-0.0,-0.0,-0.0,-0.0,5041.0,-0.0,-0.0,-0.0,5997.0,6148.0,10472.0
53,7883.0,-0.0,-0.0,-0.0,-0.0,6200.0,-0.0,-0.0,-0.0,-0.0,-0.0,-0.0,-0.0,-0.0,-0.0,0.0,-0.0,-0.0,-0.0,-0.0,-0.0,-0.0,-0.0,-0.0,-0.0,-0.0,-0.0,-0.0,-0.0,-0.0,-0.0,-0.0,-0.0,-0.0,-0.0,-0.0,-0.0,-0.0,-0.0,-0.0,-0.0,-0.0,-0.0,-0.0,-0.0,-0.0,-0.0,-0.0,-0.0,-0.0,-0.0,-0.0,-0.0,-0.0,-0.0,-0.0,-0.0,-0.0,-0.0,-0.0,-0.0,-0.0,-0.0,-0.0,-0.0,-0.0,-0.0,-0.0,-0.0,-0.0,-0.0,-0.0,-0.0,-0.0,-0.0,-0.0,-0.0,4354.0,-0.0,-0.0,-0.0,-0.0,-0.0,-0.0,14361.0,-0.0,-0.0,-0.0,-0.0,-0.0,-0.0,-0.0,-0.0,5233.0,-0.0,-0.0,0.0,7581.0,6250.0,10472.0
54,8972.0,-0.0,-0.0,-0.0,-0.0,6314.0,-0.0,-0.0,-0.0,-0.0,-0.0,-0.0,-0.0,-0.0,-0.0,-0.0,-0.0,-0.0,-0.0,-0.0,-0.0,-0.0,-0.0,-0.0,-0.0,-0.0,-0.0,-0.0,-0.0,-0.0,-0.0,-0.0,-0.0,-0.0,-0.0,-0.0,-0.0,-0.0,-0.0,-0.0,0.0,-0.0,-0.0,-0.0,-0.0,-0.0,-0.0,-0.0,-0.0,-0.0,-0.0,-0.0,-0.0,-0.0,-0.0,-0.0,-0.0,-0.0,-0.0,-0.0,-0.0,-0.0,-0.0,-0.0,-0.0,-0.0,-0.0,-0.0,-0.0,-0.0,-0.0,-0.0,-0.0,0.0,-0.0,-0.0,-0.0,4354.0,-0.0,-0.0,-0.0,-0.0,-0.0,-0.0,15071.0,-0.0,-0.0,-0.0,-0.0,-0.0,-0.0,-0.0,-0.0,5292.0,-0.0,-0.0,-0.0,7948.0,6392.0,10472.0
55,9153.0,0.0,-0.0,0.0,0.0,6421.0,-0.0,-0.0,-0.0,-0.0,-0.0,-0.0,-0.0,-0.0,-0.0,0.0,-0.0,-0.0,-0.0,-0.0,-0.0,-0.0,0.0,-0.0,0.0,0.0,-0.0,-0.0,-0.0,-0.0,0.0,-0.0,0.0,-0.0,-0.0,-0.0,-0.0,-0.0,-0.0,-0.0,-0.0,-0.0,-0.0,-0.0,-0.0,0.0,-0.0,0.0,-0.0,-0.0,-0.0,-0.0,-0.0,-0.0,0.0,-0.0,-0.0,-0.0,-0.0,-0.0,-0.0,-0.0,-0.0,-0.0,-0.0,-0.0,-0.0,-0.0,-0.0,-0.0,-0.0,-0.0,-0.0,-0.0,-0.0,-0.0,-0.0,4354.0,-0.0,-0.0,0.0,0.0,-0.0,0.0,15071.0,-0.0,-0.0,-0.0,-0.0,-0.0,-0.0,-0.0,-0.0,5453.0,-0.0,-0.0,-0.0,7988.0,6701.0,10472.0
56,11624.0,-0.0,-0.0,-0.0,-0.0,6472.0,-0.0,-0.0,-0.0,-0.0,-0.0,-0.0,-0.0,-0.0,-0.0,-0.0,-0.0,-0.0,-0.0,-0.0,-0.0,-0.0,-0.0,-0.0,-0.0,-0.0,-0.0,-0.0,0.0,-0.0,-0.0,-0.0,0.0,-0.0,-0.0,-0.0,-0.0,-0.0,-0.0,-0.0,-0.0,-0.0,-0.0,-0.0,-0.0,-0.0,-0.0,-0.0,-0.0,-0.0,-0.0,-0.0,-0.0,-0.0,-0.0,-0.0,-0.0,0.0,-0.0,-0.0,-0.0,-0.0,-0.0,-0.0,-0.0,-0.0,-0.0,-0.0,-0.0,0.0,-0.0,0.0,-0.0,0.0,-0.0,-0.0,-0.0,4354.0,-0.0,-0.0,-0.0,-0.0,0.0,-0.0,15071.0,-0.0,-0.0,-0.0,-0.0,-0.0,-0.0,-0.0,-0.0,5456.0,-0.0,-0.0,0.0,8275.0,7062.0,10472.0
57,12765.0,-0.0,-0.0,-0.0,0.0,6839.0,-0.0,-0.0,-0.0,-0.0,-0.0,-0.0,-0.0,-0.0,-0.0,-0.0,-0.0,-0.0,-0.0,-0.0,-0.0,-0.0,-0.0,-0.0,-0.0,-0.0,-0.0,-0.0,-0.0,-0.0,0.0,-0.0,-0.0,-0.0,-0.0,-0.0,-0.0,-0.0,-0.0,-0.0,-0.0,-0.0,-0.0,-0.0,-0.0,-0.0,-0.0,-0.0,-0.0,-0.0,-0.0,-0.0,-0.0,-0.0,-0.0,-0.0,-0.0,-0.0,-0.0,-0.0,-0.0,-0.0,-0.0,-0.0,-0.0,-0.0,-0.0,-0.0,-0.0,-0.0,-0.0,-0.0,0.0,-0.0,-0.0,-0.0,-0.0,4354.0,-0.0,0.0,-0.0,-0.0,0.0,-0.0,15071.0,-0.0,-0.0,-0.0,-0.0,-0.0,-0.0,-0.0,-0.0,5461.0,-0.0,-0.0,-0.0,8982.0,7686.0,10472.0
58,12875.0,-0.0,-0.0,-0.0,-0.0,8692.0,-0.0,-0.0,-0.0,-0.0,-0.0,-0.0,-0.0,-0.0,-0.0,-0.0,-0.0,-0.0,-0.0,-0.0,-0.0,-0.0,-0.0,0.0,-0.0,-0.0,-0.0,-0.0,-0.0,-0.0,-0.0,-0.0,0.0,-0.0,-0.0,-0.0,-0.0,-0.0,-0.0,-0.0,-0.0,-0.0,-0.0,-0.0,-0.0,-0.0,-0.0,-0.0,-0.0,-0.0,-0.0,-0.0,-0.0,-0.0,-0.0,-0.0,-0.0,0.0,-0.0,-0.0,-0.0,-0.0,-0.0,-0.0,-0.0,-0.0,-0.0,-0.0,-0.0,-0.0,-0.0,-0.0,-0.0,0.0,-0.0,-0.0,-0.0,4354.0,-0.0,-0.0,-0.0,-0.0,0.0,719.0,15071.0,-0.0,-0.0,-0.0,-0.0,-0.0,-0.0,-0.0,-0.0,5603.0,-0.0,0.0,0.0,9104.0,7763.0,10472.0
59,13303.0,-0.0,-0.0,-0.0,-0.0,9167.0,0.0,0.0,-0.0,-0.0,-0.0,-0.0,-0.0,-0.0,-0.0,-0.0,-0.0,-0.0,-0.0,-0.0,0.0,-0.0,-0.0,0.0,-0.0,0.0,-0.0,-0.0,-0.0,-0.0,-0.0,-0.0,-0.0,-0.0,-0.0,-0.0,-0.0,-0.0,-0.0,-0.0,-0.0,-0.0,-0.0,0.0,-0.0,-0.0,-0.0,-0.0,-0.0,-0.0,-0.0,-0.0,-0.0,-0.0,-0.0,-0.0,-0.0,-0.0,-0.0,-0.0,-0.0,-0.0,-0.0,-0.0,-0.0,-0.0,-0.0,-0.0,-0.0,-0.0,-0.0,-0.0,0.0,-0.0,-0.0,-0.0,-0.0,4354.0,-0.0,-0.0,-0.0,-0.0,0.0,993.0,15071.0,-0.0,-0.0,-0.0,-0.0,-0.0,0.0,0.0,-0.0,5603.0,-0.0,-0.0,-0.0,9235.0,7861.0,10472.0
60,14848.0,-0.0,-0.0,-0.0,-0.0,9659.0,-0.0,-0.0,-0.0,-0.0,-0.0,-0.0,-0.0,-0.0,-0.0,0.0,-0.0,-0.0,-0.0,-0.0,-0.0,-0.0,-0.0,-0.0,-0.0,-0.0,-0.0,-0.0,-0.0,-0.0,-0.0,-0.0,-0.0,-0.0,-0.0,-0.0,-0.0,-0.0,-0.0,-0.0,-0.0,-0.0,-0.0,-0.0,-0.0,-0.0,-0.0,-0.0,-0.0,-0.0,-0.0,-0.0,-0.0,-0.0,-0.0,-0.0,-0.0,-0.0,-0.0,-0.0,-0.0,-0.0,-0.0,-0.0,-0.0,-0.0,-0.0,-0.0,-0.0,-0.0,-0.0,0.0,-0.0,-0.0,-0.0,-0.0,-0.0,4354.0,-0.0,-0.0,-0.0,-0.0,-0.0,1060.0,15071.0,-0.0,-0.0,-0.0,-0.0,-0.0,-0.0,-0.0,-0.0,5603.0,-0.0,-0.0,-0.0,9499.0,7861.0,10472.0
61,16145.0,-0.0,-0.0,-0.0,-0.0,9734.0,0.0,0.0,-0.0,-0.0,-0.0,-0.0,-0.0,-0.0,-0.0,-0.0,-0.0,-0.0,-0.0,0.0,0.0,-0.0,-0.0,-0.0,0.0,-0.0,-0.0,-0.0,-0.0,-0.0,-0.0,-0.0,-0.0,-0.0,-0.0,-0.0,-0.0,-0.0,-0.0,-0.0,-0.0,-0.0,-0.0,-0.0,-0.0,-0.0,-0.0,-0.0,-0.0,-0.0,-0.0,-0.0,-0.0,-0.0,-0.0,-0.0,-0.0,-0.0,0.0,-0.0,-0.0,-0.0,-0.0,-0.0,-0.0,-0.0,-0.0,-0.0,-0.0,-0.0,-0.0,-0.0,0.0,-0.0,-0.0,-0.0,-0.0,4354.0,-0.0,-0.0,-0.0,0.0,0.0,1097.0,15071.0,-0.0,-0.0,-0.0,-0.0,-0.0,0.0,-0.0,-0.0,5603.0,-0.0,-0.0,0.0,10366.0,7861.0,10472.0
62,16359.0,-0.0,-0.0,-0.0,-0.0,10155.0,0.0,0.0,-0.0,-0.0,-0.0,-0.0,-0.0,-0.0,-0.0,-0.0,-0.0,-0.0,-0.0,0.0,0.0,0.0,0.0,-0.0,-0.0,0.0,-0.0,-0.0,-0.0,-0.0,-0.0,-0.0,-0.0,-0.0,-0.0,-0.0,-0.0,-0.0,-0.0,-0.0,-0.0,-0.0,-0.0,-0.0,-0.0,-0.0,-0.0,-0.0,-0.0,-0.0,-0.0,-0.0,-0.0,-0.0,-0.0,-0.0,-0.0,0.0,-0.0,-0.0,-0.0,-0.0,-0.0,-0.0,-0.0,-0.0,-0.0,-0.0,-0.0,-0.0,-0.0,-0.0,-0.0,-0.0,-0.0,-0.0,-0.0,4354.0,-0.0,-0.0,-0.0,-0.0,0.0,1275.0,15071.0,-0.0,-0.0,-0.0,-0.0,-0.0,0.0,0.0,-0.0,5603.0,-0.0,0.0,-0.0,10673.0,7861.0,10472.0
63,17216.0,0.0,-0.0,-0.0,-0.0,10439.0,-0.0,0.0,-0.0,-0.0,-0.0,-0.0,-0.0,-0.0,-0.0,-0.0,-0.0,-0.0,-0.0,0.0,-0.0,0.0,-0.0,-0.0,-0.0,-0.0,-0.0,-0.0,-0.0,-0.0,-0.0,-0.0,-0.0,-0.0,-0.0,-0.0,-0.0,-0.0,-0.0,-0.0,-0.0,-0.0,-0.0,0.0,-0.0,-0.0,0.0,-0.0,-0.0,-0.0,-0.0,-0.0,-0.0,-0.0,-0.0,-0.0,0.0,-0.0,-0.0,-0.0,-0.0,-0.0,-0.0,-0.0,-0.0,0.0,-0.0,-0.0,-0.0,-0.0,0.0,-0.0,-0.0,-0.0,-0.0,-0.0,-0.0,4354.0,-0.0,0.0,0.0,0.0,0.0,1430.0,15071.0,-0.0,-0.0,-0.0,-0.0,-0.0,0.0,-0.0,-0.0,5603.0,-0.0,0.0,0.0,11195.0,7861.0,10472.0
64,21394.0,0.0,-0.0,-0.0,0.0,10506.0,0.0,0.0,-0.0,-0.0,-0.0,-0.0,-0.0,-0.0,-0.0,-0.0,-0.0,-0.0,-0.0,-0.0,-0.0,-0.0,0.0,0.0,0.0,0.0,-0.0,-0.0,-0.0,-0.0,-0.0,-0.0,0.0,-0.0,-0.0,-0.0,-0.0,-0.0,-0.0,-0.0,0.0,0.0,-0.0,0.0,-0.0,-0.0,-0.0,-0.0,-0.0,0.0,-0.0,-0.0,-0.0,-0.0,0.0,-0.0,-0.0,0.0,0.0,-0.0,0.0,-0.0,-0.0,-0.0,-0.0,-0.0,-0.0,-0.0,-0.0,-0.0,0.0,-0.0,0.0,0.0,-0.0,-0.0,-0.0,4354.0,-0.0,-0.0,0.0,0.0,0.0,1568.0,15071.0,-0.0,-0.0,-0.0,-0.0,-0.0,-0.0,-0.0,-0.0,5603.0,-0.0,-0.0,0.0,11204.0,7861.0,10472.0
65,21394.0,-0.0,-0.0,-0.0,-0.0,10603.0,-0.0,-0.0,-0.0,-0.0,-0.0,-0.0,-0.0,-0.0,-0.0,-0.0,-0.0,-0.0,-0.0,-0.0,-0.0,-0.0,-0.0,-0.0,-0.0,-0.0,-0.0,-0.0,-0.0,-0.0,-0.0,-0.0,-0.0,-0.0,-0.0,-0.0,-0.0,-0.0,-0.0,-0.0,-0.0,-0.0,-0.0,-0.0,-0.0,-0.0,-0.0,-0.0,-0.0,-0.0,-0.0,-0.0,-0.0,-0.0,-0.0,-0.0,-0.0,-0.0,-0.0,-0.0,-0.0,-0.0,-0.0,-0.0,0.0,-0.0,-0.0,-0.0,-0.0,-0.0,-0.0,-0.0,-0.0,-0.0,-0.0,-0.0,-0.0,4354.0,-0.0,-0.0,-0.0,-0.0,-0.0,1728.0,15071.0,-0.0,-0.0,-0.0,-0.0,-0.0,-0.0,-0.0,-0.0,5603.0,-0.0,-0.0,-0.0,11614.0,7861.0,10472.0
66,21394.0,-0.0,0.0,-0.0,0.0,10614.0,0.0,0.0,-0.0,-0.0,-0.0,-0.0,-0.0,-0.0,-0.0,-0.0,-0.0,-0.0,-0.0,-0.0,-0.0,0.0,-0.0,0.0,-0.0,0.0,-0.0,-0.0,-0.0,-0.0,0.0,-0.0,-0.0,-0.0,-0.0,-0.0,-0.0,-0.0,-0.0,0.0,0.0,-0.0,-0.0,-0.0,-0.0,-0.0,-0.0,-0.0,-0.0,-0.0,-0.0,-0.0,-0.0,0.0,-0.0,0.0,-0.0,0.0,-0.0,-0.0,-0.0,-0.0,-0.0,-0.0,-0.0,-0.0,-0.0,-0.0,0.0,-0.0,0.0,-0.0,-0.0,-0.0,-0.0,-0.0,-0.0,4354.0,-0.0,-0.0,-0.0,-0.0,0.0,1757.0,15071.0,-0.0,-0.0,-0.0,-0.0,-0.0,0.0,0.0,-0.0,5603.0,-0.0,-0.0,0.0,11978.0,7861.0,10472.0
67,21394.0,-0.0,-0.0,-0.0,0.0,10661.0,0.0,0.0,-0.0,-0.0,-0.0,-0.0,-0.0,-0.0,-0.0,0.0,-0.0,-0.0,-0.0,0.0,0.0,0.0,-0.0,0.0,-0.0,-0.0,-0.0,-0.0,-0.0,-0.0,0.0,-0.0,-0.0,-0.0,-0.0,-0.0,-0.0,-0.0,0.0,-0.0,-0.0,0.0,-0.0,0.0,-0.0,-0.0,-0.0,-0.0,-0.0,0.0,-0.0,-0.0,-0.0,0.0,-0.0,0.0,0.0,-0.0,-0.0,0.0,-0.0,-0.0,-0.0,-0.0,0.0,0.0,-0.0,-0.0,-0.0,-0.0,-0.0,-0.0,0.0,-0.0,0.0,-0.0,-0.0,4354.0,-0.0,-0.0,0.0,-0.0,0.0,2308.0,15071.0,-0.0,-0.0,-0.0,-0.0,-0.0,0.0,-0.0,-0.0,5603.0,-0.0,-0.0,0.0,12513.0,7861.0,10472.0
68,21394.0,0.0,-0.0,-0.0,-0.0,11178.0,-0.0,-0.0,-0.0,-0.0,-0.0,-0.0,-0.0,-0.0,-0.0,-0.0,-0.0,-0.0,-0.0,-0.0,-0.0,-0.0,-0.0,-0.0,0.0,-0.0,-0.0,-0.0,-0.0,-0.0,0.0,-0.0,-0.0,-0.0,-0.0,-0.0,-0.0,-0.0,-0.0,-0.0,-0.0,-0.0,-0.0,-0.0,-0.0,-0.0,-0.0,0.0,-0.0,-0.0,-0.0,-0.0,0.0,-0.0,-0.0,-0.0,-0.0,0.0,-0.0,-0.0,-0.0,-0.0,-0.0,-0.0,0.0,-0.0,-0.0,-0.0,-0.0,-0.0,-0.0,-0.0,0.0,-0.0,-0.0,893.0,-0.0,4354.0,-0.0,-0.0,-0.0,0.0,0.0,2511.0,15071.0,-0.0,-0.0,-0.0,-0.0,-0.0,-0.0,-0.0,-0.0,5603.0,-0.0,0.0,0.0,12880.0,7861.0,10472.0
69,21394.0,0.0,0.0,0.0,0.0,11793.0,0.0,0.0,-0.0,-0.0,-0.0,-0.0,-0.0,-0.0,-0.0,-0.0,-0.0,-0.0,-0.0,-0.0,0.0,0.0,0.0,0.0,0.0,0.0,-0.0,-0.0,-0.0,-0.0,0.0,-0.0,0.0,-0.0,-0.0,-0.0,-0.0,-0.0,-0.0,0.0,0.0,-0.0,-0.0,0.0,-0.0,0.0,0.0,0.0,-0.0,0.0,-0.0,0.0,0.0,0.0,0.0,0.0,0.0,0.0,0.0,-0.0,0.0,-0.0,0.0,0.0,-0.0,0.0,-0.0,-0.0,0.0,0.0,0.0,-0.0,0.0,0.0,-0.0,1068.0,-0.0,4354.0,-0.0,0.0,0.0,0.0,0.0,2566.0,15071.0,-0.0,-0.0,-0.0,-0.0,-0.0,0.0,0.0,-0.0,5603.0,-0.0,0.0,0.0,13913.0,7861.0,10472.0
70,21394.0,-0.0,-0.0,-0.0,-0.0,12056.0,-0.0,-0.0,-0.0,-0.0,-0.0,-0.0,-0.0,-0.0,-0.0,-0.0,-0.0,-0.0,-0.0,-0.0,-0.0,-0.0,-0.0,-0.0,-0.0,-0.0,-0.0,-0.0,-0.0,-0.0,-0.0,-0.0,-0.0,-0.0,-0.0,-0.0,-0.0,-0.0,-0.0,-0.0,-0.0,-0.0,-0.0,-0.0,-0.0,-0.0,-0.0,-0.0,-0.0,-0.0,-0.0,-0.0,-0.0,-0.0,-0.0,-0.0,-0.0,-0.0,-0.0,-0.0,-0.0,-0.0,-0.0,-0.0,-0.0,-0.0,-0.0,-0.0,-0.0,-0.0,-0.0,-0.0,-0.0,-0.0,-0.0,1150.0,-0.0,4354.0,-0.0,-0.0,-0.0,-0.0,-0.0,2929.0,15071.0,-0.0,-0.0,-0.0,-0.0,-0.0,-0.0,-0.0,-0.0,5603.0,-0.0,-0.0,-0.0,14327.0,7861.0,10472.0
71,21394.0,-0.0,-0.0,-0.0,-0.0,12056.0,-0.0,-0.0,-0.0,-0.0,-0.0,-0.0,-0.0,-0.0,-0.0,-0.0,-0.0,-0.0,-0.0,-0.0,-0.0,-0.0,-0.0,-0.0,-0.0,-0.0,-0.0,-0.0,-0.0,-0.0,-0.0,-0.0,-0.0,-0.0,-0.0,-0.0,-0.0,-0.0,-0.0,-0.0,-0.0,-0.0,-0.0,-0.0,-0.0,-0.0,-0.0,-0.0,-0.0,-0.0,-0.0,-0.0,-0.0,-0.0,-0.0,-0.0,-0.0,-0.0,-0.0,-0.0,-0.0,-0.0,-0.0,-0.0,-0.0,-0.0,-0.0,-0.0,-0.0,-0.0,-0.0,-0.0,-0.0,-0.0,-0.0,1543.0,-0.0,4354.0,-0.0,-0.0,-0.0,-0.0,-0.0,3287.0,15071.0,-0.0,-0.0,-0.0,-0.0,-0.0,-0.0,-0.0,-0.0,5603.0,-0.0,-0.0,-0.0,14714.0,7861.0,10472.0
72,21394.0,-0.0,-0.0,-0.0,-0.0,12056.0,-0.0,-0.0,-0.0,-0.0,-0.0,-0.0,-0.0,-0.0,-0.0,-0.0,-0.0,-0.0,-0.0,-0.0,-0.0,-0.0,-0.0,-0.0,-0.0,-0.0,-0.0,-0.0,-0.0,-0.0,-0.0,-0.0,-0.0,-0.0,-0.0,-0.0,-0.0,-0.0,-0.0,-0.0,-0.0,-0.0,-0.0,-0.0,-0.0,-0.0,-0.0,-0.0,-0.0,-0.0,-0.0,-0.0,-0.0,-0.0,-0.0,-0.0,-0.0,-0.0,-0.0,-0.0,-0.0,-0.0,-0.0,-0.0,-0.0,-0.0,-0.0,-0.0,-0.0,-0.0,-0.0,-0.0,-0.0,-0.0,-0.0,2908.0,-0.0,4354.0,-0.0,-0.0,-0.0,-0.0,-0.0,4165.0,15071.0,-0.0,-0.0,-0.0,-0.0,-0.0,-0.0,-0.0,-0.0,5603.0,-0.0,-0.0,-0.0,15039.0,7861.0,10472.0
73,21394.0,-0.0,-0.0,-0.0,-0.0,12056.0,-0.0,-0.0,-0.0,-0.0,-0.0,-0.0,-0.0,-0.0,-0.0,-0.0,-0.0,-0.0,-0.0,-0.0,-0.0,-0.0,-0.0,-0.0,-0.0,-0.0,-0.0,-0.0,-0.0,-0.0,-0.0,-0.0,-0.0,-0.0,-0.0,-0.0,-0.0,-0.0,-0.0,-0.0,-0.0,-0.0,-0.0,-0.0,-0.0,-0.0,-0.0,-0.0,-0.0,-0.0,-0.0,-0.0,-0.0,-0.0,-0.0,-0.0,-0.0,-0.0,-0.0,-0.0,-0.0,-0.0,-0.0,-0.0,-0.0,-0.0,-0.0,-0.0,-0.0,-0.0,-0.0,-0.0,-0.0,-0.0,-0.0,3052.0,-0.0,4354.0,-0.0,-0.0,-0.0,-0.0,-0.0,4915.0,15071.0,-0.0,-0.0,-0.0,-0.0,-0.0,-0.0,-0.0,-0.0,5603.0,-0.0,-0.0,-0.0,15399.0,7861.0,10472.0
74,21394.0,-0.0,-0.0,-0.0,-0.0,12056.0,-0.0,-0.0,-0.0,-0.0,-0.0,-0.0,-0.0,-0.0,-0.0,-0.0,-0.0,-0.0,-0.0,-0.0,-0.0,-0.0,-0.0,-0.0,-0.0,-0.0,-0.0,-0.0,-0.0,-0.0,-0.0,-0.0,-0.0,-0.0,-0.0,-0.0,-0.0,-0.0,-0.0,-0.0,-0.0,-0.0,-0.0,-0.0,-0.0,-0.0,-0.0,-0.0,-0.0,-0.0,-0.0,-0.0,-0.0,-0.0,-0.0,-0.0,-0.0,-0.0,-0.0,-0.0,-0.0,-0.0,-0.0,-0.0,-0.0,0.0,-0.0,-0.0,-0.0,-0.0,-0.0,-0.0,-0.0,-0.0,-0.0,3303.0,-0.0,4354.0,-0.0,-0.0,-0.0,-0.0,-0.0,5012.0,15071.0,-0.0,-0.0,-0.0,-0.0,-0.0,0.0,-0.0,-0.0,5603.0,-0.0,-0.0,-0.0,16992.0,7861.0,10472.0
75,21394.0,-0.0,-0.0,-0.0,-0.0,12056.0,-0.0,-0.0,-0.0,-0.0,-0.0,-0.0,-0.0,-0.0,-0.0,-0.0,-0.0,-0.0,-0.0,-0.0,-0.0,-0.0,-0.0,-0.0,-0.0,-0.0,-0.0,-0.0,-0.0,-0.0,-0.0,-0.0,-0.0,-0.0,-0.0,-0.0,-0.0,-0.0,-0.0,-0.0,-0.0,-0.0,-0.0,-0.0,-0.0,-0.0,-0.0,-0.0,-0.0,-0.0,-0.0,-0.0,-0.0,-0.0,-0.0,-0.0,-0.0,-0.0,-0.0,-0.0,-0.0,-0.0,-0.0,-0.0,-0.0,-0.0,-0.0,-0.0,-0.0,-0.0,-0.0,-0.0,-0.0,-0.0,-0.0,3375.0,-0.0,4354.0,-0.0,-0.0,-0.0,-0.0,-0.0,5776.0,15071.0,-0.0,-0.0,-0.0,-0.0,-0.0,-0.0,-0.0,-0.0,5603.0,-0.0,-0.0,-0.0,19516.0,7861.0,10472.0
76,21394.0,-0.0,-0.0,-0.0,-0.0,12056.0,-0.0,-0.0,-0.0,-0.0,-0.0,-0.0,-0.0,-0.0,-0.0,-0.0,-0.0,-0.0,-0.0,-0.0,-0.0,-0.0,-0.0,-0.0,-0.0,-0.0,-0.0,0.0,-0.0,-0.0,-0.0,-0.0,-0.0,-0.0,-0.0,-0.0,-0.0,-0.0,-0.0,-0.0,-0.0,-0.0,-0.0,-0.0,-0.0,-0.0,-0.0,-0.0,-0.0,-0.0,-0.0,-0.0,-0.0,-0.0,-0.0,-0.0,-0.0,-0.0,-0.0,-0.0,-0.0,-0.0,-0.0,-0.0,-0.0,-0.0,-0.0,650.0,-0.0,-0.0,-0.0,-0.0,-0.0,-0.0,-0.0,3375.0,-0.0,4354.0,-0.0,-0.0,-0.0,-0.0,-0.0,6778.0,15071.0,-0.0,-0.0,-0.0,-0.0,-0.0,-0.0,-0.0,-0.0,5603.0,-0.0,-0.0,-0.0,20709.0,7861.0,10472.0
77,21394.0,-0.0,-0.0,-0.0,-0.0,12056.0,-0.0,-0.0,-0.0,-0.0,-0.0,-0.0,-0.0,-0.0,-0.0,-0.0,-0.0,-0.0,-0.0,-0.0,-0.0,-0.0,-0.0,-0.0,-0.0,-0.0,-0.0,-0.0,-0.0,-0.0,-0.0,-0.0,-0.0,-0.0,-0.0,-0.0,-0.0,-0.0,-0.0,-0.0,-0.0,-0.0,-0.0,-0.0,-0.0,-0.0,-0.0,-0.0,-0.0,-0.0,-0.0,-0.0,-0.0,-0.0,-0.0,-0.0,-0.0,-0.0,-0.0,-0.0,-0.0,-0.0,-0.0,-0.0,-0.0,-0.0,-0.0,4595.0,-0.0,-0.0,-0.0,-0.0,-0.0,-0.0,-0.0,3375.0,-0.0,4354.0,-0.0,-0.0,-0.0,-0.0,-0.0,7552.0,15071.0,-0.0,-0.0,-0.0,-0.0,-0.0,-0.0,-0.0,-0.0,5603.0,-0.0,-0.0,-0.0,20709.0,7861.0,10472.0
78,21394.0,-0.0,-0.0,-0.0,-0.0,12056.0,-0.0,-0.0,-0.0,-0.0,-0.0,-0.0,-0.0,-0.0,-0.0,-0.0,-0.0,-0.0,-0.0,-0.0,-0.0,-0.0,-0.0,-0.0,-0.0,-0.0,-0.0,-0.0,-0.0,-0.0,-0.0,-0.0,-0.0,-0.0,-0.0,-0.0,-0.0,-0.0,-0.0,-0.0,-0.0,-0.0,-0.0,-0.0,-0.0,-0.0,-0.0,-0.0,-0.0,-0.0,-0.0,-0.0,-0.0,-0.0,-0.0,-0.0,-0.0,-0.0,-0.0,-0.0,-0.0,-0.0,-0.0,-0.0,-0.0,-0.0,-0.0,5006.0,-0.0,-0.0,-0.0,-0.0,-0.0,-0.0,-0.0,3375.0,-0.0,4354.0,-0.0,-0.0,-0.0,-0.0,-0.0,8808.0,15071.0,-0.0,-0.0,-0.0,-0.0,-0.0,-0.0,-0.0,-0.0,5603.0,-0.0,-0.0,-0.0,20709.0,7861.0,10472.0
79,21394.0,-0.0,-0.0,-0.0,-0.0,12056.0,-0.0,-0.0,-0.0,-0.0,-0.0,-0.0,-0.0,-0.0,-0.0,-0.0,-0.0,-0.0,-0.0,-0.0,-0.0,-0.0,-0.0,-0.0,-0.0,-0.0,-0.0,-0.0,-0.0,-0.0,-0.0,269.0,-0.0,-0.0,-0.0,-0.0,-0.0,-0.0,-0.0,-0.0,-0.0,-0.0,-0.0,-0.0,-0.0,-0.0,-0.0,-0.0,-0.0,-0.0,-0.0,-0.0,-0.0,-0.0,-0.0,-0.0,-0.0,-0.0,-0.0,-0.0,-0.0,-0.0,-0.0,-0.0,-0.0,-0.0,-0.0,5418.0,-0.0,-0.0,-0.0,-0.0,-0.0,-0.0,-0.0,3375.0,-0.0,4354.0,-0.0,-0.0,0.0,-0.0,-0.0,8964.0,15071.0,-0.0,-0.0,-0.0,-0.0,-0.0,-0.0,-0.0,-0.0,5603.0,-0.0,-0.0,-0.0,20709.0,7861.0,10472.0
80,21394.0,-0.0,-0.0,-0.0,-0.0,12056.0,-0.0,-0.0,-0.0,-0.0,-0.0,-0.0,-0.0,-0.0,-0.0,-0.0,-0.0,-0.0,-0.0,-0.0,-0.0,-0.0,-0.0,-0.0,-0.0,-0.0,-0.0,-0.0,74.0,-0.0,-0.0,308.0,-0.0,-0.0,-0.0,-0.0,-0.0,-0.0,-0.0,-0.0,-0.0,-0.0,-0.0,-0.0,-0.0,-0.0,-0.0,-0.0,165.0,-0.0,-0.0,-0.0,-0.0,-0.0,-0.0,-0.0,-0.0,-0.0,-0.0,-0.0,-0.0,-0.0,-0.0,-0.0,-0.0,-0.0,-0.0,6213.0,-0.0,-0.0,-0.0,-0.0,-0.0,-0.0,-0.0,3375.0,-0.0,4354.0,-0.0,-0.0,-0.0,-0.0,-0.0,10292.0,15071.0,-0.0,-0.0,-0.0,-0.0,-0.0,-0.0,-0.0,-0.0,5603.0,-0.0,-0.0,-0.0,20709.0,7861.0,10472.0
81,21394.0,-0.0,-0.0,-0.0,-0.0,12056.0,-0.0,-0.0,-0.0,-0.0,-0.0,-0.0,-0.0,-0.0,-0.0,-0.0,-0.0,-0.0,-0.0,-0.0,-0.0,-0.0,-0.0,-0.0,-0.0,-0.0,-0.0,-0.0,251.0,-0.0,-0.0,1066.0,-0.0,-0.0,-0.0,-0.0,-0.0,-0.0,-0.0,-0.0,-0.0,-0.0,-0.0,-0.0,-0.0,-0.0,-0.0,-0.0,330.0,-0.0,-0.0,-0.0,-0.0,-0.0,-0.0,-0.0,-0.0,-0.0,-0.0,-0.0,-0.0,-0.0,-0.0,-0.0,-0.0,-0.0,-0.0,7453.0,-0.0,-0.0,-0.0,-0.0,-0.0,-0.0,-0.0,3375.0,-0.0,4354.0,-0.0,-0.0,-0.0,-0.0,-0.0,10403.0,15071.0,-0.0,-0.0,-0.0,-0.0,-0.0,-0.0,-0.0,-0.0,5603.0,1488.0,-0.0,-0.0,20709.0,7861.0,10472.0
82,21394.0,-0.0,-0.0,-0.0,-0.0,12056.0,-0.0,-0.0,-0.0,-0.0,-0.0,-0.0,-0.0,-0.0,-0.0,-0.0,-0.0,-0.0,-0.0,-0.0,-0.0,-0.0,0.0,-0.0,-0.0,-0.0,10.0,-0.0,620.0,-0.0,-0.0,2983.0,-0.0,-0.0,-0.0,-0.0,-0.0,-0.0,-0.0,-0.0,-0.0,-0.0,-0.0,0.0,-0.0,-0.0,-0.0,-0.0,1011.0,-0.0,-0.0,-0.0,-0.0,-0.0,-0.0,-0.0,-0.0,-0.0,-0.0,-0.0,-0.0,-0.0,-0.0,-0.0,-0.0,0.0,-0.0,8489.0,-0.0,-0.0,-0.0,-0.0,-0.0,-0.0,-0.0,3375.0,-0.0,4354.0,-0.0,-0.0,-0.0,-0.0,-0.0,10594.0,15071.0,-0.0,-0.0,-0.0,-0.0,-0.0,-0.0,-0.0,-0.0,5603.0,1488.0,-0.0,-0.0,20709.0,7861.0,10472.0
83,21394.0,-0.0,-0.0,-0.0,-0.0,12056.0,-0.0,-0.0,-0.0,-0.0,-0.0,-0.0,-0.0,-0.0,-0.0,-0.0,-0.0,-0.0,-0.0,-0.0,-0.0,-0.0,-0.0,-0.0,-0.0,-0.0,183.0,-0.0,803.0,-0.0,-0.0,3176.0,-0.0,-0.0,-0.0,-0.0,-0.0,-0.0,-0.0,-0.0,-0.0,-0.0,-0.0,-0.0,-0.0,-0.0,-0.0,-0.0,1150.0,-0.0,-0.0,-0.0,-0.0,-0.0,-0.0,-0.0,-0.0,-0.0,-0.0,-0.0,-0.0,-0.0,-0.0,-0.0,-0.0,-0.0,-0.0,8684.0,-0.0,-0.0,-0.0,-0.0,-0.0,-0.0,-0.0,3375.0,-0.0,4354.0,-0.0,-0.0,-0.0,-0.0,-0.0,10908.0,15071.0,-0.0,-0.0,-0.0,-0.0,-0.0,-0.0,-0.0,-0.0,5603.0,1488.0,-0.0,-0.0,20709.0,7861.0,10472.0
84,21394.0,-0.0,-0.0,-0.0,-0.0,12056.0,-0.0,-0.0,-0.0,-0.0,-0.0,-0.0,-0.0,-0.0,-0.0,-0.0,-0.0,-0.0,-0.0,-0.0,-0.0,-0.0,-0.0,-0.0,-0.0,-0.0,1747.0,-0.0,1901.0,953.0,-0.0,3366.0,-0.0,-0.0,-0.0,-0.0,-0.0,-0.0,-0.0,-0.0,-0.0,-0.0,-0.0,-0.0,-0.0,-0.0,-0.0,-0.0,1538.0,-0.0,-0.0,-0.0,-0.0,-0.0,-0.0,-0.0,-0.0,-0.0,-0.0,-0.0,-0.0,-0.0,-0.0,-0.0,-0.0,-0.0,-0.0,8844.0,-0.0,-0.0,-0.0,924.0,-0.0,-0.0,-0.0,3375.0,-0.0,4354.0,-0.0,-0.0,-0.0,-0.0,-0.0,10965.0,15071.0,-0.0,-0.0,-0.0,-0.0,-0.0,-0.0,-0.0,-0.0,5603.0,1488.0,-0.0,-0.0,20709.0,7861.0,10472.0
85,21394.0,-0.0,-0.0,-0.0,-0.0,12056.0,-0.0,-0.0,-0.0,-0.0,-0.0,-0.0,-0.0,-0.0,-0.0,-0.0,-0.0,-0.0,-0.0,-0.0,-0.0,0.0,-0.0,-0.0,-0.0,-0.0,1784.0,-0.0,1907.0,960.0,-0.0,4047.0,-0.0,-0.0,-0.0,-0.0,-0.0,-0.0,-0.0,-0.0,-0.0,-0.0,-0.0,-0.0,-0.0,-0.0,-0.0,-0.0,2478.0,-0.0,-0.0,-0.0,-0.0,-0.0,-0.0,-0.0,-0.0,-0.0,-0.0,-0.0,-0.0,-0.0,-0.0,-0.0,-0.0,-0.0,-0.0,8971.0,-0.0,-0.0,0.0,1713.0,-0.0,-0.0,-0.0,3375.0,-0.0,4354.0,-0.0,-0.0,-0.0,-0.0,-0.0,11361.0,15071.0,-0.0,-0.0,-0.0,-0.0,-0.0,-0.0,-0.0,-0.0,5603.0,1488.0,0.0,-0.0,20709.0,7861.0,10472.0
86,21394.0,0.0,0.0,0.0,0.0,12056.0,-0.0,-0.0,-0.0,-0.0,-0.0,-0.0,-0.0,-0.0,-0.0,-0.0,-0.0,-0.0,-0.0,-0.0,-0.0,-0.0,0.0,0.0,-0.0,0.0,1812.0,-0.0,2551.0,1453.0,-0.0,4065.0,0.0,-0.0,-0.0,-0.0,-0.0,-0.0,-0.0,-0.0,-0.0,-0.0,-0.0,-0.0,-0.0,-0.0,0.0,-0.0,2812.0,0.0,-0.0,-0.0,-0.0,-0.0,-0.0,-0.0,-0.0,0.0,-0.0,-0.0,-0.0,5.0,-0.0,-0.0,-0.0,0.0,-0.0,8989.0,-0.0,-0.0,-0.0,1912.0,-0.0,-0.0,-0.0,3375.0,-0.0,4354.0,-0.0,0.0,0.0,0.0,0.0,12246.0,15071.0,-0.0,-0.0,-0.0,-0.0,-0.0,-0.0,-0.0,-0.0,5603.0,1488.0,0.0,0.0,20709.0,7861.0,10472.0
87,21394.0,-0.0,-0.0,-0.0,-0.0,12056.0,-0.0,-0.0,-0.0,-0.0,-0.0,-0.0,-0.0,-0.0,-0.0,-0.0,-0.0,-0.0,-0.0,-0.0,-0.0,-0.0,-0.0,-0.0,-0.0,-0.0,2023.0,-0.0,2551.0,2838.0,-0.0,4715.0,-0.0,-0.0,-0.0,-0.0,-0.0,-0.0,-0.0,-0.0,-0.0,-0.0,-0.0,-0.0,-0.0,-0.0,-0.0,-0.0,2867.0,-0.0,-0.0,-0.0,-0.0,-0.0,-0.0,-0.0,-0.0,-0.0,-0.0,-0.0,-0.0,88.0,-0.0,-0.0,-0.0,-0.0,-0.0,10653.0,-0.0,-0.0,-0.0,2285.0,-0.0,-0.0,-0.0,3375.0,-0.0,4354.0,-0.0,-0.0,-0.0,-0.0,-0.0,13085.0,15071.0,-0.0,-0.0,-0.0,-0.0,-0.0,-0.0,-0.0,-0.0,5603.0,1488.0,-0.0,-0.0,20709.0,7861.0,10472.0
88,21394.0,-0.0,-0.0,-0.0,-0.0,12056.0,-0.0,-0.0,-0.0,-0.0,-0.0,-0.0,-0.0,-0.0,-0.0,-0.0,-0.0,-0.0,-0.0,-0.0,-0.0,-0.0,-0.0,-0.0,-0.0,-0.0,2352.0,-0.0,2551.0,2838.0,-0.0,5024.0,-0.0,-0.0,-0.0,-0.0,-0.0,-0.0,-0.0,-0.0,-0.0,-0.0,-0.0,-0.0,-0.0,-0.0,-0.0,-0.0,2963.0,-0.0,-0.0,-0.0,-0.0,-0.0,-0.0,-0.0,-0.0,-0.0,-0.0,-0.0,-0.0,713.0,-0.0,-0.0,-0.0,-0.0,-0.0,11620.0,-0.0,0.0,-0.0,2321.0,-0.0,-0.0,-0.0,3375.0,-0.0,4354.0,-0.0,-0.0,-0.0,-0.0,-0.0,14779.0,15071.0,-0.0,-0.0,-0.0,-0.0,-0.0,-0.0,-0.0,-0.0,5603.0,1488.0,-0.0,0.0,20709.0,7861.0,10472.0
89,21394.0,-0.0,-0.0,-0.0,-0.0,12056.0,-0.0,-0.0,-0.0,-0.0,-0.0,-0.0,-0.0,-0.0,-0.0,-0.0,-0.0,-0.0,-0.0,-0.0,-0.0,-0.0,-0.0,-0.0,-0.0,-0.0,2448.0,-0.0,2551.0,2838.0,-0.0,5347.0,-0.0,-0.0,-0.0,-0.0,-0.0,-0.0,-0.0,-0.0,-0.0,-0.0,-0.0,-0.0,-0.0,-0.0,-0.0,-0.0,3192.0,-0.0,-0.0,-0.0,-0.0,-0.0,-0.0,-0.0,-0.0,-0.0,-0.0,-0.0,-0.0,782.0,-0.0,-0.0,-0.0,-0.0,550.0,11620.0,-0.0,-0.0,-0.0,2818.0,-0.0,-0.0,-0.0,3375.0,-0.0,4354.0,-0.0,-0.0,-0.0,-0.0,0.0,14842.0,15071.0,-0.0,-0.0,-0.0,-0.0,-0.0,-0.0,-0.0,-0.0,5603.0,1488.0,-0.0,-0.0,20709.0,7861.0,10472.0
90,21394.0,-0.0,-0.0,-0.0,-0.0,12056.0,-0.0,-0.0,-0.0,-0.0,-0.0,-0.0,-0.0,-0.0,-0.0,215.0,-0.0,-0.0,-0.0,1965.0,-0.0,-0.0,-0.0,0.0,-0.0,0.0,6391.0,82.0,2551.0,2838.0,-0.0,5772.0,0.0,-0.0,-0.0,-0.0,-0.0,-0.0,1059.0,-0.0,-0.0,3801.0,-0.0,-0.0,-0.0,-0.0,-0.0,-0.0,3510.0,-0.0,2558.0,-0.0,-0.0,-0.0,-0.0,-0.0,-0.0,-0.0,-0.0,1295.0,-0.0,2623.0,-0.0,-0.0,3151.0,-0.0,2232.0,11620.0,-0.0,-0.0,-0.0,4043.0,-0.0,-0.0,2725.0,3375.0,-0.0,4354.0,-0.0,-0.0,-0.0,-0.0,-0.0,15346.0,15071.0,-0.0,-0.0,-0.0,-0.0,-0.0,-0.0,-0.0,-0.0,5603.0,1488.0,0.0,-0.0,20709.0,7861.0,10472.0
91,21394.0,-0.0,-0.0,-0.0,-0.0,12056.0,-0.0,-0.0,-0.0,-0.0,-0.0,-0.0,-0.0,-0.0,-0.0,301.0,-0.0,-0.0,-0.0,2540.0,-0.0,-0.0,-0.0,-0.0,-0.0,-0.0,6569.0,556.0,2551.0,2838.0,-0.0,5779.0,-0.0,-0.0,-0.0,-0.0,-0.0,-0.0,2507.0,-0.0,-0.0,4712.0,-0.0,-0.0,-0.0,-0.0,-0.0,-0.0,3510.0,-0.0,5092.0,-0.0,-0.0,-0.0,-0.0,-0.0,-0.0,-0.0,-0.0,1685.0,-0.0,5077.0,-0.0,-0.0,4189.0,-0.0,3771.0,11620.0,-0.0,-0.0,-0.0,4087.0,-0.0,-0.0,3046.0,3375.0,-0.0,4354.0,-0.0,-0.0,-0.0,-0.0,-0.0,15720.0,15071.0,-0.0,-0.0,-0.0,-0.0,-0.0,-0.0,-0.0,-0.0,5603.0,1488.0,-0.0,-0.0,20709.0,7861.0,10472.0
92,21394.0,-0.0,-0.0,-0.0,-0.0,12056.0,-0.0,-0.0,-0.0,-0.0,-0.0,-0.0,-0.0,-0.0,-0.0,479.0,-0.0,-0.0,-0.0,2875.0,-0.0,-0.0,-0.0,-0.0,-0.0,-0.0,8913.0,2047.0,2551.0,2838.0,-0.0,6042.0,-0.0,-0.0,-0.0,-0.0,-0.0,-0.0,3086.0,-0.0,-0.0,9315.0,-0.0,-0.0,-0.0,-0.0,-0.0,-0.0,3510.0,-0.0,5092.0,-0.0,-0.0,-0.0,-0.0,-0.0,-0.0,-0.0,-0.0,1902.0,-0.0,6836.0,-0.0,-0.0,6740.0,-0.0,15155.0,11620.0,-0.0,-0.0,-0.0,4677.0,-0.0,-0.0,3125.0,3375.0,-0.0,4354.0,-0.0,-0.0,-0.0,-0.0,-0.0,17782.0,15071.0,-0.0,-0.0,-0.0,-0.0,-0.0,-0.0,0.0,-0.0,5603.0,1488.0,-0.0,-0.0,20709.0,7861.0,10472.0
93,21394.0,-0.0,-0.0,-0.0,-0.0,12056.0,-0.0,-0.0,-0.0,-0.0,-0.0,-0.0,-0.0,-0.0,-0.0,497.0,-0.0,-0.0,-0.0,4383.0,-0.0,-0.0,-0.0,-0.0,-0.0,-0.0,10218.0,2047.0,2551.0,2838.0,-0.0,6042.0,-0.0,-0.0,-0.0,-0.0,-0.0,-0.0,3401.0,-0.0,-0.0,11569.0,-0.0,-0.0,-0.0,-0.0,-0.0,-0.0,3510.0,-0.0,5092.0,-0.0,-0.0,-0.0,-0.0,-0.0,-0.0,-0.0,-0.0,1974.0,-0.0,7383.0,-0.0,-0.0,7988.0,-0.0,15579.0,11620.0,-0.0,-0.0,-0.0,4677.0,-0.0,-0.0,4288.0,3375.0,-0.0,4354.0,-0.0,-0.0,-0.0,-0.0,-0.0,18179.0,15071.0,-0.0,-0.0,-0.0,-0.0,-0.0,-0.0,-0.0,-0.0,5603.0,1488.0,-0.0,-0.0,20709.0,7861.0,10472.0
94,21394.0,-0.0,-0.0,-0.0,-0.0,12056.0,-0.0,-0.0,-0.0,-0.0,-0.0,-0.0,-0.0,-0.0,-0.0,536.0,-0.0,-0.0,-0.0,6133.0,-0.0,-0.0,-0.0,-0.0,-0.0,-0.0,10229.0,2047.0,2551.0,2838.0,-0.0,6042.0,-0.0,-0.0,-0.0,-0.0,-0.0,-0.0,4925.0,-0.0,-0.0,12145.0,-0.0,-0.0,-0.0,-0.0,-0.0,-0.0,3510.0,-0.0,5092.0,-0.0,-0.0,-0.0,-0.0,-0.0,-0.0,-0.0,-0.0,2155.0,-0.0,9000.0,-0.0,-0.0,8291.0,-0.0,15653.0,11620.0,-0.0,-0.0,-0.0,4677.0,-0.0,-0.0,8131.0,3375.0,-0.0,4354.0,-0.0,-0.0,-0.0,-0.0,-0.0,18179.0,15071.0,-0.0,-0.0,-0.0,-0.0,-0.0,-0.0,-0.0,-0.0,5603.0,1488.0,-0.0,-0.0,20709.0,7861.0,10472.0
95,32042.0,-0.0,-0.0,-0.0,-0.0,12056.0,-0.0,-0.0,-0.0,-0.0,-0.0,-0.0,-0.0,-0.0,-0.0,1053.0,-0.0,-0.0,-0.0,6147.0,-0.0,-0.0,-0.0,-0.0,-0.0,-0.0,10229.0,2047.0,2551.0,2838.0,-0.0,6042.0,-0.0,-0.0,-0.0,-0.0,-0.0,-0.0,5568.0,-0.0,-0.0,15056.0,-0.0,-0.0,-0.0,-0.0,-0.0,-0.0,3510.0,-0.0,5092.0,-0.0,-0.0,-0.0,-0.0,-0.0,-0.0,-0.0,-0.0,3698.0,-0.0,9000.0,-0.0,-0.0,13873.0,-0.0,15653.0,11620.0,-0.0,-0.0,-0.0,4677.0,-0.0,-0.0,9144.0,3375.0,-0.0,4354.0,-0.0,-0.0,-0.0,-0.0,-0.0,18179.0,15071.0,-0.0,-0.0,-0.0,-0.0,-0.0,-0.0,-0.0,-0.0,5603.0,1488.0,-0.0,-0.0,20709.0,7861.0,10472.0
96,44615.0,-0.0,-0.0,-0.0,-0.0,12056.0,-0.0,-0.0,-0.0,-0.0,-0.0,-0.0,-0.0,-0.0,-0.0,1791.0,-0.0,-0.0,-0.0,14792.0,-0.0,-0.0,-0.0,-0.0,-0.0,-0.0,10229.0,2047.0,2551.0,2838.0,-0.0,6042.0,-0.0,-0.0,-0.0,-0.0,-0.0,-0.0,7182.0,-0.0,-0.0,21567.0,-0.0,-0.0,-0.0,-0.0,-0.0,-0.0,3510.0,-0.0,5092.0,-0.0,-0.0,-0.0,-0.0,-0.0,-0.0,-0.0,-0.0,4372.0,-0.0,9000.0,-0.0,-0.0,34047.0,0.0,15653.0,11620.0,-0.0,-0.0,-0.0,4677.0,-0.0,-0.0,10103.0,3375.0,-0.0,4354.0,-0.0,-0.0,-0.0,-0.0,-0.0,18179.0,15071.0,-0.0,-0.0,-0.0,-0.0,-0.0,0.0,-0.0,-0.0,5603.0,1488.0,-0.0,-0.0,20709.0,7861.0,10472.0
97,44721.0,-0.0,-0.0,-0.0,-0.0,12056.0,-0.0,-0.0,-0.0,-0.0,-0.0,-0.0,-0.0,-0.0,-0.0,1886.0,-0.0,-0.0,-0.0,16160.0,-0.0,-0.0,-0.0,-0.0,-0.0,-0.0,10229.0,2047.0,2551.0,2838.0,0.0,6042.0,-0.0,-0.0,-0.0,-0.0,-0.0,-0.0,8601.0,-0.0,-0.0,21815.0,-0.0,-0.0,-0.0,-0.0,-0.0,-0.0,3510.0,-0.0,5092.0,-0.0,-0.0,-0.0,0.0,0.0,-0.0,-0.0,-0.0,6250.0,-0.0,9000.0,-0.0,-0.0,43420.0,-0.0,15653.0,11620.0,-0.0,-0.0,-0.0,4677.0,-0.0,-0.0,11964.0,3375.0,-0.0,4354.0,-0.0,-0.0,-0.0,-0.0,-0.0,18179.0,15071.0,-0.0,-0.0,-0.0,-0.0,-0.0,-0.0,-0.0,-0.0,5603.0,1488.0,0.0,-0.0,20709.0,7861.0,10472.0
98,58463.0,-0.0,-0.0,0.0,-0.0,12056.0,-0.0,-0.0,-0.0,-0.0,-0.0,-0.0,-0.0,-0.0,-0.0,2092.0,-0.0,-0.0,-0.0,19570.0,-0.0,-0.0,-0.0,-0.0,-0.0,-0.0,10229.0,2047.0,2551.0,2838.0,-0.0,6042.0,-0.0,-0.0,-0.0,-0.0,-0.0,-0.0,10842.0,-0.0,-0.0,22096.0,-0.0,-0.0,-0.0,-0.0,-0.0,-0.0,3510.0,-0.0,5092.0,-0.0,-0.0,-0.0,-0.0,-0.0,-0.0,-0.0,-0.0,6409.0,-0.0,9000.0,-0.0,-0.0,49022.0,-0.0,15653.0,11620.0,-0.0,-0.0,0.0,4677.0,-0.0,-0.0,12342.0,3375.0,-0.0,4354.0,-0.0,-0.0,-0.0,-0.0,-0.0,18179.0,15071.0,-0.0,-0.0,-0.0,-0.0,-0.0,-0.0,-0.0,-0.0,5603.0,1488.0,-0.0,-0.0,20709.0,7861.0,10472.0
99,62935.0,-0.0,-0.0,-0.0,0.0,12056.0,-0.0,0.0,-0.0,-0.0,-0.0,-0.0,-0.0,-0.0,-0.0,2992.0,-0.0,-0.0,-0.0,24221.0,-0.0,-0.0,-0.0,-0.0,0.0,-0.0,10229.0,2047.0,2551.0,2838.0,0.0,6042.0,-0.0,-0.0,-0.0,-0.0,-0.0,-0.0,13036.0,-0.0,-0.0,23312.0,-0.0,-0.0,-0.0,-0.0,-0.0,-0.0,3510.0,-0.0,5092.0,-0.0,-0.0,-0.0,-0.0,-0.0,-0.0,0.0,-0.0,10366.0,0.0,9000.0,-0.0,-0.0,49344.0,-0.0,15653.0,11620.0,0.0,0.0,-0.0,4677.0,0.0,0.0,15121.0,3375.0,-0.0,4354.0,-0.0,-0.0,0.0,-0.0,0.0,18179.0,15071.0,-0.0,-0.0,-0.0,-0.0,-0.0,-0.0,-0.0,-0.0,5603.0,1488.0,0.0,0.0,20709.0,7861.0,10472.0
